,timestamp,free_spots
0,2023-10-31 22:40:00,269
1,2023-10-31 22:45:00,268
2,2023-10-31 22:50:00,269
3,2023-10-31 22:55:00,269
4,2023-10-31 23:00:00,269
5,2023-10-31 23:05:00,269
6,2023-10-31 23:10:00,268
7,2023-10-31 23:15:00,270
8,2023-10-31 23:20:00,269
9,2023-10-31 23:25:00,271
10,2023-10-31 23:30:00,272
11,2023-10-31 23:35:00,270
12,2023-10-31 23:40:00,270
13,2023-10-31 23:45:00,269
14,2023-10-31 23:50:00,274
15,2023-10-31 23:55:00,275
16,2023-11-01 00:00:00,280
17,2023-11-01 00:05:00,279
18,2023-11-01 00:10:00,277
19,2023-11-01 00:15:00,279
20,2023-11-01 00:20:00,282
21,2023-11-01 00:25:00,282
22,2023-11-01 00:30:00,281
23,2023-11-01 00:35:00,281
24,2023-11-01 00:40:00,282
25,2023-11-01 00:45:00,282
26,2023-11-01 00:50:00,280
27,2023-11-01 00:55:00,280
28,2023-11-01 01:00:00,280
29,2023-11-01 01:05:00,280
30,2023-11-01 01:10:00,281
31,2023-11-01 01:15:00,281
32,2023-11-01 01:20:00,282
33,2023-11-01 01:25:00,283
34,2023-11-01 01:30:00,283
35,2023-11-01 01:35:00,283
36,2023-11-01 01:40:00,284
37,2023-11-01 01:45:00,284
38,2023-11-01 01:50:00,284
39,2023-11-01 01:55:00,286
40,2023-11-01 02:00:00,288
41,2023-11-01 02:05:00,289
42,2023-11-01 02:10:00,289
43,2023-11-01 02:15:00,289
44,2023-11-01 02:20:00,289
45,2023-11-01 02:25:00,289
46,2023-11-01 02:30:00,290
47,2023-11-01 02:35:00,290
48,2023-11-01 02:40:00,292
49,2023-11-01 02:45:00,292
50,2023-11-01 02:50:00,292
51,2023-11-01 02:55:00,293
52,2023-11-01 03:00:00,293
53,2023-11-01 03:05:00,292
54,2023-11-01 03:10:00,292
55,2023-11-01 03:15:00,292
56,2023-11-01 03:20:00,295
57,2023-11-01 03:25:00,296
58,2023-11-01 03:30:00,297
59,2023-11-01 03:35:00,297
60,2023-11-01 03:40:00,297
61,2023-11-01 03:45:00,298
62,2023-11-01 03:50:00,299
63,2023-11-01 03:55:00,299
64,2023-11-01 04:00:00,299
65,2023-11-01 04:05:00,300
66,2023-11-01 04:10:00,301
67,2023-11-01 04:15:00,302
68,2023-11-01 04:20:00,302
69,2023-11-01 04:25:00,302
70,2023-11-01 04:30:00,303
71,2023-11-01 04:35:00,303
72,2023-11-01 04:40:00,304
73,2023-11-01 04:45:00,304
74,2023-11-01 04:50:00,304
75,2023-11-01 04:55:00,304
76,2023-11-01 05:00:00,304
77,2023-11-01 05:05:00,304
78,2023-11-01 05:10:00,305
79,2023-11-01 05:15:00,306
80,2023-11-01 05:20:00,306
81,2023-11-01 05:25:00,306
82,2023-11-01 05:30:00,307
83,2023-11-01 05:35:00,307
84,2023-11-01 05:40:00,307
85,2023-11-01 05:45:00,307
86,2023-11-01 05:50:00,307
87,2023-11-01 05:55:00,307
88,2023-11-01 06:00:00,307
89,2023-11-01 06:05:00,308
90,2023-11-01 06:10:00,308
91,2023-11-01 06:15:00,308
92,2023-11-01 06:20:00,308
93,2023-11-01 06:25:00,308
94,2023-11-01 06:30:00,308
95,2023-11-01 06:35:00,308
96,2023-11-01 06:40:00,308
97,2023-11-01 06:45:00,308
98,2023-11-01 06:50:00,308
99,2023-11-01 06:55:00,308
100,2023-11-01 07:00:00,308
101,2023-11-01 07:05:00,308
102,2023-11-01 07:10:00,308
103,2023-11-01 07:15:00,308
104,2023-11-01 07:20:00,308
105,2023-11-01 07:25:00,308
106,2023-11-01 07:30:00,308
107,2023-11-01 07:35:00,308
108,2023-11-01 07:40:00,308
109,2023-11-01 07:45:00,308
110,2023-11-01 07:50:00,308
111,2023-11-01 07:55:00,308
112,2023-11-01 08:00:00,308
113,2023-11-01 08:05:00,307
114,2023-11-01 08:10:00,307
115,2023-11-01 08:15:00,307
116,2023-11-01 08:20:00,307
117,2023-11-01 08:25:00,307
118,2023-11-01 08:30:00,307
119,2023-11-01 08:35:00,307
120,2023-11-01 08:40:00,307
121,2023-11-01 08:45:00,307
122,2023-11-01 08:50:00,307
123,2023-11-01 08:55:00,307
124,2023-11-01 09:00:00,307
125,2023-11-01 09:05:00,307
126,2023-11-01 09:10:00,307
127,2023-11-01 09:15:00,307
128,2023-11-01 09:20:00,307
129,2023-11-01 09:25:00,307
130,2023-11-01 09:30:00,307
131,2023-11-01 09:35:00,307
132,2023-11-01 09:40:00,307
133,2023-11-01 09:45:00,307
134,2023-11-01 09:50:00,307
135,2023-11-01 09:55:00,307
136,2023-11-01 10:00:00,305
137,2023-11-01 10:05:00,305
138,2023-11-01 10:10:00,305
139,2023-11-01 10:15:00,304
140,2023-11-01 10:20:00,304
141,2023-11-01 10:25:00,303
142,2023-11-01 10:30:00,303
143,2023-11-01 10:35:00,300
144,2023-11-01 10:40:00,300
145,2023-11-01 10:45:00,299
146,2023-11-01 10:50:00,298
147,2023-11-01 10:55:00,297
148,2023-11-01 11:00:00,296
149,2023-11-01 11:05:00,296
150,2023-11-01 11:10:00,296
151,2023-11-01 11:15:00,294
152,2023-11-01 11:20:00,294
153,2023-11-01 11:25:00,293
154,2023-11-01 11:30:00,293
155,2023-11-01 11:35:00,294
156,2023-11-01 11:40:00,295
157,2023-11-01 11:45:00,294
158,2023-11-01 11:50:00,290
159,2023-11-01 11:55:00,288
160,2023-11-01 12:00:00,287
161,2023-11-01 12:05:00,287
162,2023-11-01 12:10:00,286
163,2023-11-01 12:15:00,286
164,2023-11-01 12:20:00,284
165,2023-11-01 12:25:00,284
166,2023-11-01 12:30:00,284
167,2023-11-01 12:35:00,283
168,2023-11-01 12:40:00,280
169,2023-11-01 12:45:00,281
170,2023-11-01 12:50:00,282
171,2023-11-01 12:55:00,283
172,2023-11-01 13:00:00,282
173,2023-11-01 13:05:00,283
174,2023-11-01 13:10:00,284
175,2023-11-01 13:15:00,283
176,2023-11-01 13:20:00,282
177,2023-11-01 13:25:00,282
178,2023-11-01 13:30:00,282
179,2023-11-01 13:35:00,277
180,2023-11-01 13:40:00,277
181,2023-11-01 13:45:00,276
182,2023-11-01 13:50:00,275
183,2023-11-01 13:55:00,275
184,2023-11-01 14:00:00,273
185,2023-11-01 14:05:00,272
186,2023-11-01 14:10:00,273
187,2023-11-01 14:15:00,274
188,2023-11-01 14:20:00,272
189,2023-11-01 14:25:00,276
190,2023-11-01 14:30:00,278
191,2023-11-01 14:35:00,277
192,2023-11-01 14:40:00,279
193,2023-11-01 14:45:00,278
194,2023-11-01 14:50:00,277
195,2023-11-01 14:55:00,278
196,2023-11-01 15:00:00,278
197,2023-11-01 15:05:00,278
198,2023-11-01 15:10:00,278
199,2023-11-01 15:15:00,278
200,2023-11-01 15:20:00,279
201,2023-11-01 15:25:00,278
202,2023-11-01 15:30:00,276
203,2023-11-01 15:35:00,274
204,2023-11-01 15:40:00,275
205,2023-11-01 15:45:00,274
206,2023-11-01 15:50:00,272
207,2023-11-01 15:55:00,272
208,2023-11-01 16:00:00,273
209,2023-11-01 16:05:00,273
210,2023-11-01 16:10:00,274
211,2023-11-01 16:15:00,270
212,2023-11-01 16:20:00,269
213,2023-11-01 16:25:00,273
214,2023-11-01 16:30:00,274
215,2023-11-01 16:35:00,272
216,2023-11-01 16:40:00,271
217,2023-11-01 16:45:00,271
218,2023-11-01 16:50:00,267
219,2023-11-01 16:55:00,267
220,2023-11-01 17:00:00,267
221,2023-11-01 17:05:00,268
222,2023-11-01 17:10:00,267
223,2023-11-01 17:15:00,266
224,2023-11-01 17:20:00,265
225,2023-11-01 17:25:00,265
226,2023-11-01 17:30:00,266
227,2023-11-01 17:35:00,265
228,2023-11-01 17:40:00,263
229,2023-11-01 17:45:00,265
230,2023-11-01 17:50:00,266
231,2023-11-01 17:55:00,265
232,2023-11-01 18:00:00,265
233,2023-11-01 18:05:00,264
234,2023-11-01 18:10:00,264
235,2023-11-01 18:15:00,259
236,2023-11-01 18:20:00,258
237,2023-11-01 18:25:00,259
238,2023-11-01 18:30:00,261
239,2023-11-01 18:35:00,259
240,2023-11-01 18:40:00,259
241,2023-11-01 18:45:00,254
242,2023-11-01 18:50:00,251
243,2023-11-01 18:55:00,248
244,2023-11-01 19:00:00,246
245,2023-11-01 19:05:00,245
246,2023-11-01 19:10:00,243
247,2023-11-01 19:15:00,244
248,2023-11-01 19:20:00,243
249,2023-11-01 19:25:00,245
250,2023-11-01 19:30:00,244
251,2023-11-01 19:35:00,245
252,2023-11-01 19:40:00,247
253,2023-11-01 19:45:00,251
254,2023-11-01 19:50:00,252
255,2023-11-01 19:55:00,252
256,2023-11-01 20:00:00,257
257,2023-11-01 20:05:00,259
258,2023-11-01 20:10:00,262
259,2023-11-01 20:15:00,266
260,2023-11-01 20:20:00,272
261,2023-11-01 20:25:00,272
262,2023-11-01 20:30:00,272
263,2023-11-01 20:35:00,274
264,2023-11-01 20:40:00,279
265,2023-11-01 20:45:00,281
266,2023-11-01 20:50:00,281
267,2023-11-01 20:55:00,281
268,2023-11-01 21:00:00,282
269,2023-11-01 21:05:00,282
270,2023-11-01 21:10:00,285
271,2023-11-01 21:15:00,286
272,2023-11-01 21:20:00,288
273,2023-11-01 21:25:00,292
274,2023-11-01 21:30:00,292
275,2023-11-01 21:35:00,293
276,2023-11-01 21:40:00,295
277,2023-11-01 21:45:00,295
278,2023-11-01 21:50:00,295
279,2023-11-01 21:55:00,295
280,2023-11-01 22:00:00,297
281,2023-11-01 22:05:00,298
282,2023-11-01 22:10:00,303
283,2023-11-01 22:15:00,305
284,2023-11-01 22:20:00,307
285,2023-11-01 22:25:00,307
286,2023-11-01 22:30:00,307
287,2023-11-01 22:35:00,308
288,2023-11-01 22:40:00,308
289,2023-11-01 22:45:00,308
290,2023-11-01 22:50:00,309
291,2023-11-01 22:55:00,309
292,2023-11-01 23:00:00,309
293,2023-11-01 23:05:00,309
294,2023-11-01 23:10:00,309
295,2023-11-01 23:15:00,309
296,2023-11-01 23:20:00,309
297,2023-11-01 23:25:00,309
298,2023-11-01 23:30:00,309
299,2023-11-01 23:35:00,309
300,2023-11-01 23:40:00,310
301,2023-11-01 23:45:00,310
302,2023-11-01 23:50:00,310
303,2023-11-01 23:55:00,311
304,2023-11-02 00:00:00,311
305,2023-11-02 00:05:00,311
306,2023-11-02 00:10:00,311
307,2023-11-02 00:15:00,311
308,2023-11-02 00:20:00,311
309,2023-11-02 00:25:00,311
310,2023-11-02 00:30:00,311
311,2023-11-02 00:35:00,311
312,2023-11-02 00:40:00,311
313,2023-11-02 00:45:00,311
314,2023-11-02 00:50:00,311
315,2023-11-02 00:55:00,311
316,2023-11-02 01:00:00,311
317,2023-11-02 01:05:00,311
318,2023-11-02 01:10:00,311
319,2023-11-02 01:15:00,311
320,2023-11-02 01:20:00,311
321,2023-11-02 01:25:00,311
322,2023-11-02 01:30:00,311
323,2023-11-02 01:35:00,311
324,2023-11-02 01:40:00,311
325,2023-11-02 01:45:00,311
326,2023-11-02 01:50:00,311
327,2023-11-02 01:55:00,311
328,2023-11-02 02:00:00,311
329,2023-11-02 02:05:00,311
330,2023-11-02 02:10:00,311
331,2023-11-02 02:15:00,311
332,2023-11-02 02:20:00,311
333,2023-11-02 02:25:00,311
334,2023-11-02 02:30:00,311
335,2023-11-02 02:35:00,311
336,2023-11-02 02:40:00,311
337,2023-11-02 02:45:00,311
338,2023-11-02 02:50:00,311
339,2023-11-02 02:55:00,311
340,2023-11-02 03:00:00,311
341,2023-11-02 03:05:00,311
342,2023-11-02 03:10:00,311
343,2023-11-02 03:15:00,311
344,2023-11-02 03:20:00,311
345,2023-11-02 03:25:00,311
346,2023-11-02 03:30:00,311
347,2023-11-02 03:35:00,311
348,2023-11-02 03:40:00,311
349,2023-11-02 03:45:00,311
350,2023-11-02 03:50:00,311
351,2023-11-02 03:55:00,311
352,2023-11-02 04:00:00,311
353,2023-11-02 04:05:00,311
354,2023-11-02 04:10:00,311
355,2023-11-02 04:15:00,311
356,2023-11-02 04:20:00,311
357,2023-11-02 04:25:00,311
358,2023-11-02 04:30:00,311
359,2023-11-02 04:35:00,311
360,2023-11-02 04:40:00,311
361,2023-11-02 04:45:00,311
362,2023-11-02 04:50:00,311
363,2023-11-02 04:55:00,311
364,2023-11-02 05:00:00,311
365,2023-11-02 05:05:00,311
366,2023-11-02 05:10:00,311
367,2023-11-02 05:15:00,310
368,2023-11-02 05:20:00,310
369,2023-11-02 05:25:00,310
370,2023-11-02 05:30:00,310
371,2023-11-02 05:35:00,310
372,2023-11-02 05:40:00,310
373,2023-11-02 05:45:00,310
374,2023-11-02 05:50:00,310
375,2023-11-02 05:55:00,310
376,2023-11-02 06:00:00,310
377,2023-11-02 06:05:00,310
378,2023-11-02 06:10:00,310
379,2023-11-02 06:15:00,310
380,2023-11-02 06:20:00,310
381,2023-11-02 06:25:00,310
382,2023-11-02 06:30:00,310
383,2023-11-02 06:35:00,310
384,2023-11-02 06:40:00,310
385,2023-11-02 06:45:00,310
386,2023-11-02 06:50:00,310
387,2023-11-02 06:55:00,310
388,2023-11-02 07:00:00,310
389,2023-11-02 07:05:00,310
390,2023-11-02 07:10:00,309
391,2023-11-02 07:15:00,309
392,2023-11-02 07:20:00,308
393,2023-11-02 07:25:00,308
394,2023-11-02 07:30:00,307
395,2023-11-02 07:35:00,307
396,2023-11-02 07:40:00,305
397,2023-11-02 07:45:00,305
398,2023-11-02 07:50:00,304
399,2023-11-02 07:55:00,302
400,2023-11-02 08:00:00,300
401,2023-11-02 08:05:00,297
402,2023-11-02 08:10:00,295
403,2023-11-02 08:15:00,296
404,2023-11-02 08:20:00,293
405,2023-11-02 08:25:00,293
406,2023-11-02 08:30:00,291
407,2023-11-02 08:35:00,289
408,2023-11-02 08:40:00,288
409,2023-11-02 08:45:00,287
410,2023-11-02 08:50:00,284
411,2023-11-02 08:55:00,282
412,2023-11-02 09:00:00,277
413,2023-11-02 09:05:00,273
414,2023-11-02 09:10:00,270
415,2023-11-02 09:15:00,268
416,2023-11-02 09:20:00,268
417,2023-11-02 09:25:00,266
418,2023-11-02 09:30:00,265
419,2023-11-02 09:35:00,267
420,2023-11-02 09:40:00,266
421,2023-11-02 09:45:00,260
422,2023-11-02 09:50:00,255
423,2023-11-02 09:55:00,251
424,2023-11-02 10:00:00,248
425,2023-11-02 10:05:00,248
426,2023-11-02 10:10:00,241
427,2023-11-02 10:15:00,236
428,2023-11-02 10:20:00,229
429,2023-11-02 10:25:00,225
430,2023-11-02 10:30:00,224
431,2023-11-02 10:35:00,221
432,2023-11-02 10:40:00,216
433,2023-11-02 10:45:00,210
434,2023-11-02 10:50:00,210
435,2023-11-02 10:55:00,203
436,2023-11-02 11:00:00,198
437,2023-11-02 11:05:00,194
438,2023-11-02 11:10:00,190
439,2023-11-02 11:15:00,189
440,2023-11-02 11:20:00,189
441,2023-11-02 11:25:00,187
442,2023-11-02 11:30:00,186
443,2023-11-02 11:35:00,190
444,2023-11-02 11:40:00,192
445,2023-11-02 11:45:00,193
446,2023-11-02 11:50:00,198
447,2023-11-02 11:55:00,195
448,2023-11-02 12:00:00,196
449,2023-11-02 12:05:00,197
450,2023-11-02 12:10:00,196
451,2023-11-02 12:15:00,198
452,2023-11-02 12:20:00,201
453,2023-11-02 12:25:00,202
454,2023-11-02 12:30:00,205
455,2023-11-02 12:35:00,205
456,2023-11-02 12:40:00,206
457,2023-11-02 12:45:00,209
458,2023-11-02 12:50:00,202
459,2023-11-02 12:55:00,200
460,2023-11-02 13:00:00,205
461,2023-11-02 13:05:00,207
462,2023-11-02 13:10:00,205
463,2023-11-02 13:15:00,203
464,2023-11-02 13:20:00,200
465,2023-11-02 13:25:00,199
466,2023-11-02 13:30:00,194
467,2023-11-02 13:35:00,196
468,2023-11-02 13:40:00,191
469,2023-11-02 13:45:00,193
470,2023-11-02 13:50:00,195
471,2023-11-02 13:55:00,196
472,2023-11-02 14:00:00,199
473,2023-11-02 14:05:00,198
474,2023-11-02 14:10:00,197
475,2023-11-02 14:15:00,202
476,2023-11-02 14:20:00,199
477,2023-11-02 14:25:00,199
478,2023-11-02 14:30:00,206
479,2023-11-02 14:35:00,204
480,2023-11-02 14:40:00,206
481,2023-11-02 14:45:00,210
482,2023-11-02 14:50:00,204
483,2023-11-02 14:55:00,203
484,2023-11-02 15:00:00,204
485,2023-11-02 15:05:00,198
486,2023-11-02 15:10:00,198
487,2023-11-02 15:15:00,200
488,2023-11-02 15:20:00,196
489,2023-11-02 15:25:00,198
490,2023-11-02 15:30:00,202
491,2023-11-02 15:35:00,198
492,2023-11-02 15:40:00,199
493,2023-11-02 15:45:00,202
494,2023-11-02 15:50:00,201
495,2023-11-02 15:55:00,201
496,2023-11-02 16:00:00,202
497,2023-11-02 16:05:00,204
498,2023-11-02 16:10:00,206
499,2023-11-02 16:15:00,199
500,2023-11-02 16:20:00,200
501,2023-11-02 16:25:00,203
502,2023-11-02 16:30:00,202
503,2023-11-02 16:35:00,201
504,2023-11-02 16:40:00,201
505,2023-11-02 16:45:00,205
506,2023-11-02 16:50:00,208
507,2023-11-02 16:55:00,208
508,2023-11-02 17:00:00,201
509,2023-11-02 17:05:00,209
510,2023-11-02 17:10:00,209
511,2023-11-02 17:15:00,207
512,2023-11-02 17:20:00,206
513,2023-11-02 17:25:00,208
514,2023-11-02 17:30:00,209
515,2023-11-02 17:35:00,218
516,2023-11-02 17:40:00,216
517,2023-11-02 17:45:00,212
518,2023-11-02 17:50:00,214
519,2023-11-02 17:55:00,216
520,2023-11-02 18:00:00,223
521,2023-11-02 18:05:00,225
522,2023-11-02 18:10:00,226
523,2023-11-02 18:15:00,228
524,2023-11-02 18:20:00,232
525,2023-11-02 18:25:00,231
526,2023-11-02 18:30:00,234
527,2023-11-02 18:35:00,230
528,2023-11-02 18:40:00,234
529,2023-11-02 18:45:00,234
530,2023-11-02 18:50:00,234
531,2023-11-02 18:55:00,233
532,2023-11-02 19:00:00,231
533,2023-11-02 19:05:00,231
534,2023-11-02 19:10:00,235
535,2023-11-02 19:15:00,241
536,2023-11-02 19:20:00,237
537,2023-11-02 19:25:00,236
538,2023-11-02 19:30:00,239
539,2023-11-02 19:35:00,240
540,2023-11-02 19:40:00,240
541,2023-11-02 19:45:00,242
542,2023-11-02 19:50:00,243
543,2023-11-02 19:55:00,244
544,2023-11-02 20:00:00,248
545,2023-11-02 20:05:00,250
546,2023-11-02 20:10:00,253
547,2023-11-02 20:15:00,257
548,2023-11-02 20:20:00,260
549,2023-11-02 20:25:00,264
550,2023-11-02 20:30:00,263
551,2023-11-02 20:35:00,264
552,2023-11-02 20:40:00,267
553,2023-11-02 20:45:00,269
554,2023-11-02 20:50:00,270
555,2023-11-02 20:55:00,270
556,2023-11-02 21:00:00,272
557,2023-11-02 21:05:00,273
558,2023-11-02 21:10:00,274
559,2023-11-02 21:15:00,278
560,2023-11-02 21:20:00,280
561,2023-11-02 21:25:00,283
562,2023-11-02 21:30:00,285
563,2023-11-02 21:35:00,285
564,2023-11-02 21:40:00,289
565,2023-11-02 21:45:00,291
566,2023-11-02 21:50:00,293
567,2023-11-02 21:55:00,293
568,2023-11-02 22:00:00,296
569,2023-11-02 22:05:00,298
570,2023-11-02 22:10:00,301
571,2023-11-02 22:15:00,303
572,2023-11-02 22:20:00,302
573,2023-11-02 22:25:00,302
574,2023-11-02 22:30:00,302
575,2023-11-02 22:35:00,302
576,2023-11-02 22:40:00,304
577,2023-11-02 22:45:00,304
578,2023-11-02 22:50:00,305
579,2023-11-02 22:55:00,307
580,2023-11-02 23:00:00,307
581,2023-11-02 23:05:00,307
582,2023-11-02 23:10:00,309
583,2023-11-02 23:15:00,309
584,2023-11-02 23:20:00,310
585,2023-11-02 23:25:00,310
586,2023-11-02 23:30:00,310
587,2023-11-02 23:35:00,310
588,2023-11-02 23:40:00,310
589,2023-11-02 23:45:00,309
590,2023-11-02 23:50:00,309
591,2023-11-02 23:55:00,310
592,2023-11-03 00:00:00,310
593,2023-11-03 00:05:00,310
594,2023-11-03 00:10:00,311
595,2023-11-03 00:15:00,312
596,2023-11-03 00:20:00,312
597,2023-11-03 00:25:00,312
598,2023-11-03 00:30:00,312
599,2023-11-03 00:35:00,312
600,2023-11-03 00:40:00,312
601,2023-11-03 00:45:00,312
602,2023-11-03 00:50:00,312
603,2023-11-03 00:55:00,312
604,2023-11-03 01:00:00,312
605,2023-11-03 01:05:00,312
606,2023-11-03 01:10:00,312
607,2023-11-03 01:15:00,312
608,2023-11-03 01:20:00,312
609,2023-11-03 01:25:00,313
610,2023-11-03 01:30:00,313
611,2023-11-03 01:35:00,313
612,2023-11-03 01:40:00,313
613,2023-11-03 01:45:00,313
614,2023-11-03 01:50:00,313
615,2023-11-03 01:55:00,313
616,2023-11-03 02:00:00,313
617,2023-11-03 02:05:00,313
618,2023-11-03 02:10:00,313
619,2023-11-03 02:15:00,313
620,2023-11-03 02:20:00,313
621,2023-11-03 02:25:00,313
622,2023-11-03 02:30:00,313
623,2023-11-03 02:35:00,313
624,2023-11-03 02:40:00,313
625,2023-11-03 02:45:00,313
626,2023-11-03 02:50:00,313
627,2023-11-03 02:55:00,313
628,2023-11-03 03:00:00,313
629,2023-11-03 03:05:00,313
630,2023-11-03 03:10:00,313
631,2023-11-03 03:15:00,313
632,2023-11-03 03:20:00,313
633,2023-11-03 03:25:00,313
634,2023-11-03 03:30:00,313
635,2023-11-03 03:35:00,313
636,2023-11-03 03:40:00,313
637,2023-11-03 03:45:00,313
638,2023-11-03 03:50:00,313
639,2023-11-03 03:55:00,313
640,2023-11-03 04:00:00,313
641,2023-11-03 04:05:00,313
642,2023-11-03 04:10:00,313
643,2023-11-03 04:15:00,313
644,2023-11-03 04:20:00,313
645,2023-11-03 04:25:00,313
646,2023-11-03 04:30:00,313
647,2023-11-03 04:35:00,313
648,2023-11-03 04:40:00,313
649,2023-11-03 04:45:00,313
650,2023-11-03 04:50:00,313
651,2023-11-03 04:55:00,313
652,2023-11-03 05:00:00,313
653,2023-11-03 05:05:00,313
654,2023-11-03 05:10:00,313
655,2023-11-03 05:15:00,313
656,2023-11-03 05:20:00,313
657,2023-11-03 05:25:00,313
658,2023-11-03 05:30:00,313
659,2023-11-03 05:35:00,313
660,2023-11-03 05:40:00,313
661,2023-11-03 05:45:00,313
662,2023-11-03 05:50:00,313
663,2023-11-03 05:55:00,313
664,2023-11-03 06:00:00,313
665,2023-11-03 06:05:00,313
666,2023-11-03 06:10:00,313
667,2023-11-03 06:15:00,313
668,2023-11-03 06:20:00,313
669,2023-11-03 06:25:00,313
670,2023-11-03 06:30:00,313
671,2023-11-03 06:35:00,313
672,2023-11-03 06:40:00,313
673,2023-11-03 06:45:00,313
674,2023-11-03 06:50:00,313
675,2023-11-03 06:55:00,313
676,2023-11-03 07:00:00,313
677,2023-11-03 07:05:00,313
678,2023-11-03 07:10:00,312
679,2023-11-03 07:15:00,312
680,2023-11-03 07:20:00,311
681,2023-11-03 07:25:00,310
682,2023-11-03 07:30:00,309
683,2023-11-03 07:35:00,305
684,2023-11-03 07:40:00,305
685,2023-11-03 07:45:00,303
686,2023-11-03 07:50:00,303
687,2023-11-03 07:55:00,302
688,2023-11-03 08:00:00,302
689,2023-11-03 08:05:00,301
690,2023-11-03 08:10:00,301
691,2023-11-03 08:15:00,300
692,2023-11-03 08:20:00,298
693,2023-11-03 08:25:00,293
694,2023-11-03 08:30:00,292
695,2023-11-03 08:35:00,285
696,2023-11-03 08:40:00,284
697,2023-11-03 08:45:00,282
698,2023-11-03 08:50:00,277
699,2023-11-03 08:55:00,274
700,2023-11-03 09:00:00,274
701,2023-11-03 09:05:00,272
702,2023-11-03 09:10:00,268
703,2023-11-03 09:15:00,268
704,2023-11-03 09:20:00,266
705,2023-11-03 09:25:00,269
706,2023-11-03 09:30:00,268
707,2023-11-03 09:35:00,265
708,2023-11-03 09:40:00,261
709,2023-11-03 09:45:00,258
710,2023-11-03 09:50:00,255
711,2023-11-03 09:55:00,251
712,2023-11-03 10:00:00,247
713,2023-11-03 10:05:00,243
714,2023-11-03 10:10:00,237
715,2023-11-03 10:15:00,237
716,2023-11-03 10:20:00,230
717,2023-11-03 10:25:00,227
718,2023-11-03 10:30:00,221
719,2023-11-03 10:35:00,213
720,2023-11-03 10:40:00,212
721,2023-11-03 10:45:00,206
722,2023-11-03 10:50:00,201
723,2023-11-03 10:55:00,195
724,2023-11-03 11:00:00,190
725,2023-11-03 11:05:00,192
726,2023-11-03 11:10:00,194
727,2023-11-03 11:15:00,189
728,2023-11-03 11:20:00,192
729,2023-11-03 11:25:00,189
730,2023-11-03 11:30:00,187
731,2023-11-03 11:35:00,184
732,2023-11-03 11:40:00,183
733,2023-11-03 11:45:00,185
734,2023-11-03 11:50:00,190
735,2023-11-03 11:55:00,187
736,2023-11-03 12:00:00,180
737,2023-11-03 12:05:00,182
738,2023-11-03 12:10:00,181
739,2023-11-03 12:15:00,181
740,2023-11-03 12:20:00,181
741,2023-11-03 12:25:00,189
742,2023-11-03 12:30:00,188
743,2023-11-03 12:35:00,189
744,2023-11-03 12:40:00,193
745,2023-11-03 12:45:00,194
746,2023-11-03 12:50:00,197
747,2023-11-03 12:55:00,198
748,2023-11-03 13:00:00,194
749,2023-11-03 13:05:00,198
750,2023-11-03 13:10:00,199
751,2023-11-03 13:15:00,199
752,2023-11-03 13:20:00,203
753,2023-11-03 13:25:00,206
754,2023-11-03 13:30:00,205
755,2023-11-03 13:35:00,204
756,2023-11-03 13:40:00,207
757,2023-11-03 13:45:00,206
758,2023-11-03 13:50:00,212
759,2023-11-03 13:55:00,211
760,2023-11-03 14:00:00,208
761,2023-11-03 14:05:00,208
762,2023-11-03 14:10:00,209
763,2023-11-03 14:15:00,206
764,2023-11-03 14:20:00,206
765,2023-11-03 14:25:00,207
766,2023-11-03 14:30:00,212
767,2023-11-03 14:35:00,213
768,2023-11-03 14:40:00,211
769,2023-11-03 14:45:00,212
770,2023-11-03 14:50:00,208
771,2023-11-03 14:55:00,204
772,2023-11-03 15:00:00,210
773,2023-11-03 15:05:00,212
774,2023-11-03 15:10:00,211
775,2023-11-03 15:15:00,213
776,2023-11-03 15:20:00,215
777,2023-11-03 15:25:00,216
778,2023-11-03 15:30:00,211
779,2023-11-03 15:35:00,211
780,2023-11-03 15:40:00,214
781,2023-11-03 15:45:00,218
782,2023-11-03 15:50:00,223
783,2023-11-03 15:55:00,218
784,2023-11-03 16:00:00,219
785,2023-11-03 16:05:00,221
786,2023-11-03 16:10:00,224
787,2023-11-03 16:15:00,224
788,2023-11-03 16:20:00,221
789,2023-11-03 16:25:00,217
790,2023-11-03 16:30:00,226
791,2023-11-03 16:35:00,226
792,2023-11-03 16:40:00,232
793,2023-11-03 16:45:00,234
794,2023-11-03 16:50:00,232
795,2023-11-03 16:55:00,231
796,2023-11-03 17:00:00,229
797,2023-11-03 17:05:00,228
798,2023-11-03 17:10:00,231
799,2023-11-03 17:15:00,235
800,2023-11-03 17:20:00,236
801,2023-11-03 17:25:00,238
802,2023-11-03 17:30:00,238
803,2023-11-03 17:35:00,245
804,2023-11-03 17:40:00,240
805,2023-11-03 17:45:00,235
806,2023-11-03 17:50:00,233
807,2023-11-03 17:55:00,231
808,2023-11-03 18:00:00,229
809,2023-11-03 18:05:00,227
810,2023-11-03 18:10:00,225
811,2023-11-03 18:15:00,228
812,2023-11-03 18:20:00,226
813,2023-11-03 18:25:00,228
814,2023-11-03 18:30:00,227
815,2023-11-03 18:35:00,228
816,2023-11-03 18:40:00,227
817,2023-11-03 18:45:00,233
818,2023-11-03 18:50:00,235
819,2023-11-03 18:55:00,232
820,2023-11-03 19:00:00,222
821,2023-11-03 19:05:00,219
822,2023-11-03 19:10:00,213
823,2023-11-03 19:15:00,212
824,2023-11-03 19:20:00,215
825,2023-11-03 19:25:00,218
826,2023-11-03 19:30:00,218
827,2023-11-03 19:35:00,222
828,2023-11-03 19:40:00,226
829,2023-11-03 19:45:00,229
830,2023-11-03 19:50:00,224
831,2023-11-03 19:55:00,225
832,2023-11-03 20:00:00,222
833,2023-11-03 20:05:00,219
834,2023-11-03 20:10:00,221
835,2023-11-03 20:15:00,220
836,2023-11-03 20:20:00,220
837,2023-11-03 20:25:00,219
838,2023-11-03 20:30:00,218
839,2023-11-03 20:35:00,221
840,2023-11-03 20:40:00,221
841,2023-11-03 20:45:00,222
842,2023-11-03 20:50:00,230
843,2023-11-03 20:55:00,227
844,2023-11-03 21:00:00,229
845,2023-11-03 21:05:00,229
846,2023-11-03 21:10:00,230
847,2023-11-03 21:15:00,232
848,2023-11-03 21:20:00,233
849,2023-11-03 21:25:00,234
850,2023-11-03 21:30:00,235
851,2023-11-03 21:35:00,235
852,2023-11-03 21:40:00,241
853,2023-11-03 21:45:00,242
854,2023-11-03 21:50:00,244
855,2023-11-03 21:55:00,251
856,2023-11-03 22:00:00,251
857,2023-11-03 22:05:00,253
858,2023-11-03 22:10:00,254
859,2023-11-03 22:15:00,258
860,2023-11-03 22:20:00,262
861,2023-11-03 22:25:00,266
862,2023-11-03 22:30:00,270
863,2023-11-03 22:35:00,273
864,2023-11-03 22:40:00,276
865,2023-11-03 22:45:00,275
866,2023-11-03 22:50:00,273
867,2023-11-03 22:55:00,274
868,2023-11-03 23:00:00,275
869,2023-11-03 23:05:00,279
870,2023-11-03 23:10:00,280
871,2023-11-03 23:15:00,281
872,2023-11-03 23:20:00,281
873,2023-11-03 23:25:00,280
874,2023-11-03 23:30:00,281
875,2023-11-03 23:35:00,283
876,2023-11-03 23:40:00,283
877,2023-11-03 23:45:00,283
878,2023-11-03 23:50:00,285
879,2023-11-03 23:55:00,285
880,2023-11-04 00:00:00,289
881,2023-11-04 00:05:00,289
882,2023-11-04 00:10:00,289
883,2023-11-04 00:15:00,291
884,2023-11-04 00:20:00,290
885,2023-11-04 00:25:00,290
886,2023-11-04 00:30:00,290
887,2023-11-04 00:35:00,290
888,2023-11-04 00:40:00,291
889,2023-11-04 00:45:00,290
890,2023-11-04 00:50:00,290
891,2023-11-04 00:55:00,290
892,2023-11-04 01:00:00,292
893,2023-11-04 01:05:00,292
894,2023-11-04 01:10:00,293
895,2023-11-04 01:15:00,295
896,2023-11-04 01:20:00,295
897,2023-11-04 01:25:00,296
898,2023-11-04 01:30:00,298
899,2023-11-04 01:35:00,298
900,2023-11-04 01:40:00,298
901,2023-11-04 01:45:00,298
902,2023-11-04 01:50:00,300
903,2023-11-04 01:55:00,300
904,2023-11-04 02:00:00,303
905,2023-11-04 02:05:00,303
906,2023-11-04 02:10:00,303
907,2023-11-04 02:15:00,303
908,2023-11-04 02:20:00,303
909,2023-11-04 02:25:00,304
910,2023-11-04 02:30:00,304
911,2023-11-04 02:35:00,304
912,2023-11-04 02:40:00,304
913,2023-11-04 02:45:00,305
914,2023-11-04 02:50:00,305
915,2023-11-04 02:55:00,305
916,2023-11-04 03:00:00,305
917,2023-11-04 03:05:00,306
918,2023-11-04 03:10:00,307
919,2023-11-04 03:15:00,307
920,2023-11-04 03:20:00,307
921,2023-11-04 03:25:00,307
922,2023-11-04 03:30:00,307
923,2023-11-04 03:35:00,307
924,2023-11-04 03:40:00,307
925,2023-11-04 03:45:00,307
926,2023-11-04 03:50:00,308
927,2023-11-04 03:55:00,308
928,2023-11-04 04:00:00,308
929,2023-11-04 04:05:00,308
930,2023-11-04 04:10:00,308
931,2023-11-04 04:15:00,308
932,2023-11-04 04:20:00,308
933,2023-11-04 04:25:00,308
934,2023-11-04 04:30:00,308
935,2023-11-04 04:35:00,308
936,2023-11-04 04:40:00,308
937,2023-11-04 04:45:00,308
938,2023-11-04 04:50:00,308
939,2023-11-04 04:55:00,308
940,2023-11-04 05:00:00,308
941,2023-11-04 05:05:00,309
942,2023-11-04 05:10:00,309
943,2023-11-04 05:15:00,309
944,2023-11-04 05:20:00,309
945,2023-11-04 05:25:00,309
946,2023-11-04 05:30:00,309
947,2023-11-04 05:35:00,309
948,2023-11-04 05:40:00,309
949,2023-11-04 05:45:00,309
950,2023-11-04 05:50:00,309
951,2023-11-04 05:55:00,309
952,2023-11-04 06:00:00,309
953,2023-11-04 06:05:00,309
954,2023-11-04 06:10:00,309
955,2023-11-04 06:15:00,309
956,2023-11-04 06:20:00,309
957,2023-11-04 06:25:00,309
958,2023-11-04 06:30:00,309
959,2023-11-04 06:35:00,309
960,2023-11-04 06:40:00,309
961,2023-11-04 06:45:00,309
962,2023-11-04 06:50:00,309
963,2023-11-04 06:55:00,309
964,2023-11-04 07:00:00,309
965,2023-11-04 07:05:00,309
966,2023-11-04 07:10:00,309
967,2023-11-04 07:15:00,309
968,2023-11-04 07:20:00,309
969,2023-11-04 07:25:00,308
970,2023-11-04 07:30:00,308
971,2023-11-04 07:35:00,308
972,2023-11-04 07:40:00,308
973,2023-11-04 07:45:00,308
974,2023-11-04 07:50:00,308
975,2023-11-04 07:55:00,308
976,2023-11-04 08:00:00,308
977,2023-11-04 08:05:00,308
978,2023-11-04 08:10:00,308
979,2023-11-04 08:15:00,308
980,2023-11-04 08:20:00,308
981,2023-11-04 08:25:00,308
982,2023-11-04 08:30:00,307
983,2023-11-04 08:35:00,307
984,2023-11-04 08:40:00,306
985,2023-11-04 08:45:00,305
986,2023-11-04 08:50:00,305
987,2023-11-04 08:55:00,305
988,2023-11-04 09:00:00,303
989,2023-11-04 09:05:00,303
990,2023-11-04 09:10:00,301
991,2023-11-04 09:15:00,300
992,2023-11-04 09:20:00,299
993,2023-11-04 09:25:00,298
994,2023-11-04 09:30:00,294
995,2023-11-04 09:35:00,291
996,2023-11-04 09:40:00,288
997,2023-11-04 09:45:00,287
998,2023-11-04 09:50:00,278
999,2023-11-04 09:55:00,274
1000,2023-11-04 10:00:00,267
1001,2023-11-04 10:05:00,263
1002,2023-11-04 10:10:00,260
1003,2023-11-04 10:15:00,255
1004,2023-11-04 10:20:00,251
1005,2023-11-04 10:25:00,250
1006,2023-11-04 10:30:00,249
1007,2023-11-04 10:35:00,246
1008,2023-11-04 10:40:00,245
1009,2023-11-04 10:45:00,241
1010,2023-11-04 10:50:00,239
1011,2023-11-04 10:55:00,239
1012,2023-11-04 11:00:00,232
1013,2023-11-04 11:05:00,224
1014,2023-11-04 11:10:00,229
1015,2023-11-04 11:15:00,220
1016,2023-11-04 11:20:00,216
1017,2023-11-04 11:25:00,211
1018,2023-11-04 11:30:00,208
1019,2023-11-04 11:35:00,201
1020,2023-11-04 11:40:00,197
1021,2023-11-04 11:45:00,189
1022,2023-11-04 11:50:00,186
1023,2023-11-04 11:55:00,185
1024,2023-11-04 12:00:00,182
1025,2023-11-04 12:05:00,175
1026,2023-11-04 12:10:00,173
1027,2023-11-04 12:15:00,166
1028,2023-11-04 12:20:00,168
1029,2023-11-04 12:25:00,169
1030,2023-11-04 12:30:00,167
1031,2023-11-04 12:35:00,159
1032,2023-11-04 12:40:00,152
1033,2023-11-04 12:45:00,150
1034,2023-11-04 12:50:00,140
1035,2023-11-04 12:55:00,143
1036,2023-11-04 13:00:00,149
1037,2023-11-04 13:05:00,145
1038,2023-11-04 13:10:00,142
1039,2023-11-04 13:15:00,139
1040,2023-11-04 13:20:00,137
1041,2023-11-04 13:25:00,132
1042,2023-11-04 13:30:00,130
1043,2023-11-04 13:35:00,124
1044,2023-11-04 13:40:00,121
1045,2023-11-04 13:45:00,117
1046,2023-11-04 13:50:00,117
1047,2023-11-04 13:55:00,118
1048,2023-11-04 14:00:00,118
1049,2023-11-04 14:05:00,119
1050,2023-11-04 14:10:00,114
1051,2023-11-04 14:15:00,113
1052,2023-11-04 14:20:00,113
1053,2023-11-04 14:25:00,122
1054,2023-11-04 14:30:00,123
1055,2023-11-04 14:35:00,131
1056,2023-11-04 14:40:00,135
1057,2023-11-04 14:45:00,139
1058,2023-11-04 14:50:00,143
1059,2023-11-04 14:55:00,141
1060,2023-11-04 15:00:00,144
1061,2023-11-04 15:05:00,147
1062,2023-11-04 15:10:00,150
1063,2023-11-04 15:15:00,154
1064,2023-11-04 15:20:00,150
1065,2023-11-04 15:25:00,152
1066,2023-11-04 15:30:00,154
1067,2023-11-04 15:35:00,158
1068,2023-11-04 15:40:00,168
1069,2023-11-04 15:45:00,173
1070,2023-11-04 15:50:00,172
1071,2023-11-04 15:55:00,171
1072,2023-11-04 16:00:00,169
1073,2023-11-04 16:05:00,169
1074,2023-11-04 16:10:00,163
1075,2023-11-04 16:15:00,166
1076,2023-11-04 16:20:00,174
1077,2023-11-04 16:25:00,175
1078,2023-11-04 16:30:00,174
1079,2023-11-04 16:35:00,173
1080,2023-11-04 16:40:00,173
1081,2023-11-04 16:45:00,173
1082,2023-11-04 16:50:00,174
1083,2023-11-04 16:55:00,177
1084,2023-11-04 17:00:00,179
1085,2023-11-04 17:05:00,179
1086,2023-11-04 17:10:00,181
1087,2023-11-04 17:15:00,187
1088,2023-11-04 17:20:00,186
1089,2023-11-04 17:25:00,190
1090,2023-11-04 17:30:00,196
1091,2023-11-04 17:35:00,198
1092,2023-11-04 17:40:00,205
1093,2023-11-04 17:45:00,207
1094,2023-11-04 17:50:00,206
1095,2023-11-04 17:55:00,213
1096,2023-11-04 18:00:00,216
1097,2023-11-04 18:05:00,212
1098,2023-11-04 18:10:00,208
1099,2023-11-04 18:15:00,209
1100,2023-11-04 18:20:00,206
1101,2023-11-04 18:25:00,207
1102,2023-11-04 18:30:00,207
1103,2023-11-04 18:35:00,208
1104,2023-11-04 18:40:00,204
1105,2023-11-04 18:45:00,201
1106,2023-11-04 18:50:00,205
1107,2023-11-04 18:55:00,200
1108,2023-11-04 19:00:00,195
1109,2023-11-04 19:05:00,191
1110,2023-11-04 19:10:00,190
1111,2023-11-04 19:15:00,195
1112,2023-11-04 19:20:00,197
1113,2023-11-04 19:25:00,198
1114,2023-11-04 19:30:00,199
1115,2023-11-04 19:35:00,198
1116,2023-11-04 19:40:00,202
1117,2023-11-04 19:45:00,205
1118,2023-11-04 19:50:00,209
1119,2023-11-04 19:55:00,207
1120,2023-11-04 20:00:00,204
1121,2023-11-04 20:05:00,203
1122,2023-11-04 20:10:00,203
1123,2023-11-04 20:15:00,203
1124,2023-11-04 20:20:00,203
1125,2023-11-04 20:25:00,209
1126,2023-11-04 20:30:00,205
1127,2023-11-04 20:35:00,205
1128,2023-11-04 20:40:00,206
1129,2023-11-04 20:45:00,206
1130,2023-11-04 20:50:00,209
1131,2023-11-04 20:55:00,212
1132,2023-11-04 21:00:00,217
1133,2023-11-04 21:05:00,221
1134,2023-11-04 21:10:00,221
1135,2023-11-04 21:15:00,222
1136,2023-11-04 21:20:00,228
1137,2023-11-04 21:25:00,230
1138,2023-11-04 21:30:00,234
1139,2023-11-04 21:35:00,236
1140,2023-11-04 21:40:00,236
1141,2023-11-04 21:45:00,233
1142,2023-11-04 21:50:00,235
1143,2023-11-04 21:55:00,238
1144,2023-11-04 22:00:00,242
1145,2023-11-04 22:05:00,247
1146,2023-11-04 22:10:00,251
1147,2023-11-04 22:15:00,254
1148,2023-11-04 22:20:00,257
1149,2023-11-04 22:25:00,258
1150,2023-11-04 22:30:00,258
1151,2023-11-04 22:35:00,260
1152,2023-11-04 22:40:00,262
1153,2023-11-04 22:45:00,265
1154,2023-11-04 22:50:00,268
1155,2023-11-04 22:55:00,269
1156,2023-11-04 23:00:00,271
1157,2023-11-04 23:05:00,274
1158,2023-11-04 23:10:00,274
1159,2023-11-04 23:15:00,277
1160,2023-11-04 23:20:00,278
1161,2023-11-04 23:25:00,280
1162,2023-11-04 23:30:00,280
1163,2023-11-04 23:35:00,283
1164,2023-11-04 23:40:00,285
1165,2023-11-04 23:45:00,285
1166,2023-11-04 23:50:00,290
1167,2023-11-04 23:55:00,290
1168,2023-11-05 00:00:00,293
1169,2023-11-05 00:05:00,294
1170,2023-11-05 00:10:00,295
1171,2023-11-05 00:15:00,296
1172,2023-11-05 00:20:00,296
1173,2023-11-05 00:25:00,296
1174,2023-11-05 00:30:00,296
1175,2023-11-05 00:35:00,296
1176,2023-11-05 00:40:00,297
1177,2023-11-05 00:45:00,297
1178,2023-11-05 00:50:00,297
1179,2023-11-05 00:55:00,298
1180,2023-11-05 01:00:00,301
1181,2023-11-05 01:05:00,301
1182,2023-11-05 01:10:00,301
1183,2023-11-05 01:15:00,302
1184,2023-11-05 01:20:00,302
1185,2023-11-05 01:25:00,302
1186,2023-11-05 01:30:00,302
1187,2023-11-05 01:35:00,301
1188,2023-11-05 01:40:00,301
1189,2023-11-05 01:45:00,302
1190,2023-11-05 01:50:00,304
1191,2023-11-05 01:55:00,304
1192,2023-11-05 02:00:00,304
1193,2023-11-05 02:05:00,304
1194,2023-11-05 02:10:00,304
1195,2023-11-05 02:15:00,304
1196,2023-11-05 02:20:00,305
1197,2023-11-05 02:25:00,305
1198,2023-11-05 02:30:00,304
1199,2023-11-05 02:35:00,304
1200,2023-11-05 02:40:00,305
1201,2023-11-05 02:45:00,305
1202,2023-11-05 02:50:00,305
1203,2023-11-05 02:55:00,305
1204,2023-11-05 03:00:00,305
1205,2023-11-05 03:05:00,306
1206,2023-11-05 03:10:00,306
1207,2023-11-05 03:15:00,306
1208,2023-11-05 03:20:00,306
1209,2023-11-05 03:25:00,306
1210,2023-11-05 03:30:00,306
1211,2023-11-05 03:35:00,307
1212,2023-11-05 03:40:00,307
1213,2023-11-05 03:45:00,307
1214,2023-11-05 03:50:00,307
1215,2023-11-05 03:55:00,307
1216,2023-11-05 04:00:00,307
1217,2023-11-05 04:05:00,308
1218,2023-11-05 04:10:00,308
1219,2023-11-05 04:15:00,308
1220,2023-11-05 04:20:00,308
1221,2023-11-05 04:25:00,308
1222,2023-11-05 04:30:00,308
1223,2023-11-05 04:35:00,308
1224,2023-11-05 04:40:00,309
1225,2023-11-05 04:45:00,309
1226,2023-11-05 04:50:00,310
1227,2023-11-05 04:55:00,310
1228,2023-11-05 05:00:00,310
1229,2023-11-05 05:05:00,311
1230,2023-11-05 05:10:00,311
1231,2023-11-05 05:15:00,311
1232,2023-11-05 05:20:00,311
1233,2023-11-05 05:25:00,311
1234,2023-11-05 05:30:00,311
1235,2023-11-05 05:35:00,311
1236,2023-11-05 05:40:00,311
1237,2023-11-05 05:45:00,311
1238,2023-11-05 05:50:00,311
1239,2023-11-05 05:55:00,311
1240,2023-11-05 06:00:00,311
1241,2023-11-05 06:05:00,311
1242,2023-11-05 06:10:00,311
1243,2023-11-05 06:15:00,311
1244,2023-11-05 06:20:00,311
1245,2023-11-05 06:25:00,311
1246,2023-11-05 06:30:00,311
1247,2023-11-05 06:35:00,311
1248,2023-11-05 06:40:00,311
1249,2023-11-05 06:45:00,311
1250,2023-11-05 06:50:00,311
1251,2023-11-05 06:55:00,311
1252,2023-11-05 07:00:00,311
1253,2023-11-05 07:05:00,311
1254,2023-11-05 07:10:00,311
1255,2023-11-05 07:15:00,311
1256,2023-11-05 07:20:00,311
1257,2023-11-05 07:25:00,311
1258,2023-11-05 07:30:00,311
1259,2023-11-05 07:35:00,311
1260,2023-11-05 07:40:00,311
1261,2023-11-05 07:45:00,311
1262,2023-11-05 07:50:00,311
1263,2023-11-05 07:55:00,311
1264,2023-11-05 08:00:00,311
1265,2023-11-05 08:05:00,311
1266,2023-11-05 08:10:00,311
1267,2023-11-05 08:15:00,311
1268,2023-11-05 08:20:00,311
1269,2023-11-05 08:25:00,311
1270,2023-11-05 08:30:00,311
1271,2023-11-05 08:35:00,311
1272,2023-11-05 08:40:00,311
1273,2023-11-05 08:45:00,311
1274,2023-11-05 08:50:00,311
1275,2023-11-05 08:55:00,309
1276,2023-11-05 09:00:00,309
1277,2023-11-05 09:05:00,309
1278,2023-11-05 09:10:00,309
1279,2023-11-05 09:15:00,309
1280,2023-11-05 09:20:00,310
1281,2023-11-05 09:25:00,310
1282,2023-11-05 09:30:00,310
1283,2023-11-05 09:35:00,310
1284,2023-11-05 09:40:00,310
1285,2023-11-05 09:45:00,310
1286,2023-11-05 09:50:00,310
1287,2023-11-05 09:55:00,310
1288,2023-11-05 10:00:00,310
1289,2023-11-05 10:05:00,310
1290,2023-11-05 10:10:00,309
1291,2023-11-05 10:15:00,309
1292,2023-11-05 10:20:00,307
1293,2023-11-05 10:25:00,306
1294,2023-11-05 10:30:00,306
1295,2023-11-05 10:35:00,307
1296,2023-11-05 10:40:00,307
1297,2023-11-05 10:45:00,306
1298,2023-11-05 10:50:00,305
1299,2023-11-05 10:55:00,305
1300,2023-11-05 11:00:00,305
1301,2023-11-05 11:05:00,306
1302,2023-11-05 11:10:00,306
1303,2023-11-05 11:15:00,306
1304,2023-11-05 11:20:00,305
1305,2023-11-05 11:25:00,304
1306,2023-11-05 11:30:00,304
1307,2023-11-05 11:35:00,305
1308,2023-11-05 11:40:00,304
1309,2023-11-05 11:45:00,304
1310,2023-11-05 11:50:00,303
1311,2023-11-05 11:55:00,303
1312,2023-11-05 12:00:00,302
1313,2023-11-05 12:05:00,301
1314,2023-11-05 12:10:00,300
1315,2023-11-05 12:15:00,299
1316,2023-11-05 12:20:00,298
1317,2023-11-05 12:25:00,298
1318,2023-11-05 12:30:00,298
1319,2023-11-05 12:35:00,297
1320,2023-11-05 12:40:00,296
1321,2023-11-05 12:45:00,295
1322,2023-11-05 12:50:00,295
1323,2023-11-05 12:55:00,291
1324,2023-11-05 13:00:00,287
1325,2023-11-05 13:05:00,287
1326,2023-11-05 13:10:00,285
1327,2023-11-05 13:15:00,281
1328,2023-11-05 13:20:00,282
1329,2023-11-05 13:25:00,281
1330,2023-11-05 13:30:00,281
1331,2023-11-05 13:35:00,278
1332,2023-11-05 13:40:00,275
1333,2023-11-05 13:45:00,276
1334,2023-11-05 13:50:00,274
1335,2023-11-05 13:55:00,273
1336,2023-11-05 14:00:00,272
1337,2023-11-05 14:05:00,272
1338,2023-11-05 14:10:00,272
1339,2023-11-05 14:15:00,273
1340,2023-11-05 14:20:00,273
1341,2023-11-05 14:25:00,272
1342,2023-11-05 14:30:00,273
1343,2023-11-05 14:35:00,274
1344,2023-11-05 14:40:00,273
1345,2023-11-05 14:45:00,274
1346,2023-11-05 14:50:00,275
1347,2023-11-05 14:55:00,274
1348,2023-11-05 15:00:00,279
1349,2023-11-05 15:05:00,277
1350,2023-11-05 15:10:00,277
1351,2023-11-05 15:15:00,277
1352,2023-11-05 15:20:00,276
1353,2023-11-05 15:25:00,281
1354,2023-11-05 15:30:00,279
1355,2023-11-05 15:35:00,279
1356,2023-11-05 15:40:00,279
1357,2023-11-05 15:45:00,280
1358,2023-11-05 15:50:00,284
1359,2023-11-05 15:55:00,282
1360,2023-11-05 16:00:00,283
1361,2023-11-05 16:05:00,283
1362,2023-11-05 16:10:00,284
1363,2023-11-05 16:15:00,285
1364,2023-11-05 16:20:00,285
1365,2023-11-05 16:25:00,288
1366,2023-11-05 16:30:00,286
1367,2023-11-05 16:35:00,285
1368,2023-11-05 16:40:00,288
1369,2023-11-05 16:45:00,288
1370,2023-11-05 16:50:00,288
1371,2023-11-05 16:55:00,285
1372,2023-11-05 17:00:00,286
1373,2023-11-05 17:05:00,286
1374,2023-11-05 17:10:00,282
1375,2023-11-05 17:15:00,279
1376,2023-11-05 17:20:00,278
1377,2023-11-05 17:25:00,272
1378,2023-11-05 17:30:00,271
1379,2023-11-05 17:35:00,268
1380,2023-11-05 17:40:00,265
1381,2023-11-05 17:45:00,264
1382,2023-11-05 17:50:00,263
1383,2023-11-05 17:55:00,262
1384,2023-11-05 18:00:00,261
1385,2023-11-05 18:05:00,257
1386,2023-11-05 18:10:00,255
1387,2023-11-05 18:15:00,259
1388,2023-11-05 18:20:00,259
1389,2023-11-05 18:25:00,255
1390,2023-11-05 18:30:00,253
1391,2023-11-05 18:35:00,254
1392,2023-11-05 18:40:00,253
1393,2023-11-05 18:45:00,254
1394,2023-11-05 18:50:00,261
1395,2023-11-05 18:55:00,262
1396,2023-11-05 19:00:00,265
1397,2023-11-05 19:05:00,265
1398,2023-11-05 19:10:00,264
1399,2023-11-05 19:15:00,266
1400,2023-11-05 19:20:00,265
1401,2023-11-05 19:25:00,265
1402,2023-11-05 19:30:00,267
1403,2023-11-05 19:35:00,269
1404,2023-11-05 19:40:00,269
1405,2023-11-05 19:45:00,270
1406,2023-11-05 19:50:00,271
1407,2023-11-05 19:55:00,273
1408,2023-11-05 20:00:00,274
1409,2023-11-05 20:05:00,277
1410,2023-11-05 20:10:00,281
1411,2023-11-05 20:15:00,282
1412,2023-11-05 20:20:00,283
1413,2023-11-05 20:25:00,283
1414,2023-11-05 20:30:00,289
1415,2023-11-05 20:35:00,290
1416,2023-11-05 20:40:00,293
1417,2023-11-05 20:45:00,294
1418,2023-11-05 20:50:00,299
1419,2023-11-05 20:55:00,299
1420,2023-11-05 21:00:00,299
1421,2023-11-05 21:05:00,299
1422,2023-11-05 21:10:00,301
1423,2023-11-05 21:15:00,304
1424,2023-11-05 21:20:00,304
1425,2023-11-05 21:25:00,304
1426,2023-11-05 21:30:00,304
1427,2023-11-05 21:35:00,305
1428,2023-11-05 21:40:00,305
1429,2023-11-05 21:45:00,306
1430,2023-11-05 21:50:00,309
1431,2023-11-05 21:55:00,309
1432,2023-11-05 22:00:00,309
1433,2023-11-05 22:05:00,309
1434,2023-11-05 22:10:00,310
1435,2023-11-05 22:15:00,311
1436,2023-11-05 22:20:00,311
1437,2023-11-05 22:25:00,311
1438,2023-11-05 22:30:00,311
1439,2023-11-05 22:35:00,311
1440,2023-11-05 22:40:00,311
1441,2023-11-05 22:45:00,311
1442,2023-11-05 22:50:00,312
1443,2023-11-05 22:55:00,312
1444,2023-11-05 23:00:00,312
1445,2023-11-05 23:05:00,312
1446,2023-11-05 23:10:00,312
1447,2023-11-05 23:15:00,312
1448,2023-11-05 23:20:00,312
1449,2023-11-05 23:25:00,313
1450,2023-11-05 23:30:00,313
1451,2023-11-05 23:35:00,313
1452,2023-11-05 23:40:00,313
1453,2023-11-05 23:45:00,313
1454,2023-11-05 23:50:00,313
1455,2023-11-05 23:55:00,313
1456,2023-11-06 00:00:00,313
1457,2023-11-06 00:05:00,313
1458,2023-11-06 00:10:00,313
1459,2023-11-06 00:15:00,313
1460,2023-11-06 00:20:00,313
1461,2023-11-06 00:25:00,313
1462,2023-11-06 00:30:00,313
1463,2023-11-06 00:35:00,313
1464,2023-11-06 00:40:00,313
1465,2023-11-06 00:45:00,313
1466,2023-11-06 00:50:00,313
1467,2023-11-06 00:55:00,313
1468,2023-11-06 01:00:00,313
1469,2023-11-06 01:05:00,313
1470,2023-11-06 01:10:00,313
1471,2023-11-06 01:15:00,313
1472,2023-11-06 01:20:00,313
1473,2023-11-06 01:25:00,313
1474,2023-11-06 01:30:00,313
1475,2023-11-06 01:35:00,313
1476,2023-11-06 01:40:00,313
1477,2023-11-06 01:45:00,313
1478,2023-11-06 01:50:00,313
1479,2023-11-06 01:55:00,313
1480,2023-11-06 02:00:00,313
1481,2023-11-06 02:05:00,313
1482,2023-11-06 02:10:00,313
1483,2023-11-06 02:15:00,313
1484,2023-11-06 02:20:00,313
1485,2023-11-06 02:25:00,313
1486,2023-11-06 02:30:00,313
1487,2023-11-06 02:35:00,313
1488,2023-11-06 02:40:00,313
1489,2023-11-06 02:45:00,313
1490,2023-11-06 02:50:00,313
1491,2023-11-06 02:55:00,313
1492,2023-11-06 03:00:00,313
1493,2023-11-06 03:05:00,313
1494,2023-11-06 03:10:00,313
1495,2023-11-06 03:15:00,313
1496,2023-11-06 03:20:00,313
1497,2023-11-06 03:25:00,313
1498,2023-11-06 03:30:00,313
1499,2023-11-06 03:35:00,313
1500,2023-11-06 03:40:00,313
1501,2023-11-06 03:45:00,313
1502,2023-11-06 03:50:00,313
1503,2023-11-06 03:55:00,313
1504,2023-11-06 04:00:00,313
1505,2023-11-06 04:05:00,313
1506,2023-11-06 04:10:00,313
1507,2023-11-06 04:15:00,313
1508,2023-11-06 04:20:00,313
1509,2023-11-06 04:25:00,313
1510,2023-11-06 04:30:00,313
1511,2023-11-06 04:35:00,313
1512,2023-11-06 04:40:00,313
1513,2023-11-06 04:45:00,313
1514,2023-11-06 04:50:00,313
1515,2023-11-06 04:55:00,313
1516,2023-11-06 05:00:00,313
1517,2023-11-06 05:05:00,313
1518,2023-11-06 05:10:00,313
1519,2023-11-06 05:15:00,313
1520,2023-11-06 05:20:00,313
1521,2023-11-06 05:25:00,313
1522,2023-11-06 05:30:00,313
1523,2023-11-06 05:35:00,313
1524,2023-11-06 05:40:00,313
1525,2023-11-06 05:45:00,313
1526,2023-11-06 05:50:00,313
1527,2023-11-06 05:55:00,313
1528,2023-11-06 06:00:00,313
1529,2023-11-06 06:05:00,313
1530,2023-11-06 06:10:00,313
1531,2023-11-06 06:15:00,313
1532,2023-11-06 06:20:00,313
1533,2023-11-06 06:25:00,313
1534,2023-11-06 06:30:00,312
1535,2023-11-06 06:35:00,312
1536,2023-11-06 06:40:00,311
1537,2023-11-06 06:45:00,311
1538,2023-11-06 06:50:00,311
1539,2023-11-06 06:55:00,311
1540,2023-11-06 07:00:00,311
1541,2023-11-06 07:05:00,310
1542,2023-11-06 07:10:00,310
1543,2023-11-06 07:15:00,309
1544,2023-11-06 07:20:00,309
1545,2023-11-06 07:25:00,306
1546,2023-11-06 07:30:00,304
1547,2023-11-06 07:35:00,304
1548,2023-11-06 07:40:00,303
1549,2023-11-06 07:45:00,303
1550,2023-11-06 07:50:00,302
1551,2023-11-06 07:55:00,302
1552,2023-11-06 08:00:00,302
1553,2023-11-06 08:05:00,300
1554,2023-11-06 08:10:00,299
1555,2023-11-06 08:15:00,298
1556,2023-11-06 08:20:00,319
1557,2023-11-06 08:25:00,316
1558,2023-11-06 08:30:00,309
1559,2023-11-06 08:35:00,308
1560,2023-11-06 08:40:00,307
1561,2023-11-06 08:45:00,302
1562,2023-11-06 08:50:00,297
1563,2023-11-06 08:55:00,293
1564,2023-11-06 09:00:00,291
1565,2023-11-06 09:05:00,289
1566,2023-11-06 09:10:00,290
1567,2023-11-06 09:15:00,286
1568,2023-11-06 09:20:00,283
1569,2023-11-06 09:25:00,282
1570,2023-11-06 09:30:00,281
1571,2023-11-06 09:35:00,278
1572,2023-11-06 09:40:00,277
1573,2023-11-06 09:45:00,275
1574,2023-11-06 09:50:00,272
1575,2023-11-06 09:55:00,270
1576,2023-11-06 10:00:00,267
1577,2023-11-06 10:05:00,269
1578,2023-11-06 10:10:00,266
1579,2023-11-06 10:15:00,263
1580,2023-11-06 10:20:00,259
1581,2023-11-06 10:25:00,256
1582,2023-11-06 10:30:00,251
1583,2023-11-06 10:35:00,243
1584,2023-11-06 10:40:00,242
1585,2023-11-06 10:45:00,244
1586,2023-11-06 10:50:00,240
1587,2023-11-06 10:55:00,241
1588,2023-11-06 11:00:00,235
1589,2023-11-06 11:05:00,237
1590,2023-11-06 11:10:00,239
1591,2023-11-06 11:15:00,240
1592,2023-11-06 11:20:00,239
1593,2023-11-06 11:25:00,241
1594,2023-11-06 11:30:00,242
1595,2023-11-06 11:35:00,246
1596,2023-11-06 11:40:00,250
1597,2023-11-06 11:45:00,249
1598,2023-11-06 11:50:00,247
1599,2023-11-06 11:55:00,250
1600,2023-11-06 12:00:00,248
1601,2023-11-06 12:05:00,245
1602,2023-11-06 12:10:00,245
1603,2023-11-06 12:15:00,247
1604,2023-11-06 12:20:00,248
1605,2023-11-06 12:25:00,250
1606,2023-11-06 12:30:00,251
1607,2023-11-06 12:35:00,251
1608,2023-11-06 12:40:00,255
1609,2023-11-06 12:45:00,259
1610,2023-11-06 12:50:00,256
1611,2023-11-06 12:55:00,257
1612,2023-11-06 13:00:00,257
1613,2023-11-06 13:05:00,256
1614,2023-11-06 13:10:00,260
1615,2023-11-06 13:15:00,262
1616,2023-11-06 13:20:00,266
1617,2023-11-06 13:25:00,268
1618,2023-11-06 13:30:00,264
1619,2023-11-06 13:35:00,261
1620,2023-11-06 13:40:00,262
1621,2023-11-06 13:45:00,269
1622,2023-11-06 13:50:00,271
1623,2023-11-06 13:55:00,270
1624,2023-11-06 14:00:00,270
1625,2023-11-06 14:05:00,272
1626,2023-11-06 14:10:00,273
1627,2023-11-06 14:15:00,275
1628,2023-11-06 14:20:00,274
1629,2023-11-06 14:25:00,270
1630,2023-11-06 14:30:00,270
1631,2023-11-06 14:35:00,269
1632,2023-11-06 14:40:00,265
1633,2023-11-06 14:45:00,266
1634,2023-11-06 14:50:00,267
1635,2023-11-06 14:55:00,265
1636,2023-11-06 15:00:00,261
1637,2023-11-06 15:05:00,256
1638,2023-11-06 15:10:00,257
1639,2023-11-06 15:15:00,253
1640,2023-11-06 15:20:00,252
1641,2023-11-06 15:25:00,253
1642,2023-11-06 15:30:00,249
1643,2023-11-06 15:35:00,245
1644,2023-11-06 15:40:00,243
1645,2023-11-06 15:45:00,247
1646,2023-11-06 15:50:00,250
1647,2023-11-06 15:55:00,252
1648,2023-11-06 16:00:00,254
1649,2023-11-06 16:05:00,251
1650,2023-11-06 16:10:00,252
1651,2023-11-06 16:15:00,259
1652,2023-11-06 16:20:00,259
1653,2023-11-06 16:25:00,264
1654,2023-11-06 16:30:00,266
1655,2023-11-06 16:35:00,275
1656,2023-11-06 16:40:00,277
1657,2023-11-06 16:45:00,274
1658,2023-11-06 16:50:00,269
1659,2023-11-06 16:55:00,268
1660,2023-11-06 17:00:00,274
1661,2023-11-06 17:05:00,276
1662,2023-11-06 17:10:00,273
1663,2023-11-06 17:15:00,279
1664,2023-11-06 17:20:00,277
1665,2023-11-06 17:25:00,281
1666,2023-11-06 17:30:00,283
1667,2023-11-06 17:35:00,283
1668,2023-11-06 17:40:00,285
1669,2023-11-06 17:45:00,285
1670,2023-11-06 17:50:00,280
1671,2023-11-06 17:55:00,278
1672,2023-11-06 18:00:00,276
1673,2023-11-06 18:05:00,277
1674,2023-11-06 18:10:00,276
1675,2023-11-06 18:15:00,277
1676,2023-11-06 18:20:00,275
1677,2023-11-06 18:25:00,269
1678,2023-11-06 18:30:00,270
1679,2023-11-06 18:35:00,268
1680,2023-11-06 18:40:00,265
1681,2023-11-06 18:45:00,267
1682,2023-11-06 18:50:00,265
1683,2023-11-06 18:55:00,263
1684,2023-11-06 19:00:00,263
1685,2023-11-06 19:05:00,267
1686,2023-11-06 19:10:00,271
1687,2023-11-06 19:15:00,276
1688,2023-11-06 19:20:00,276
1689,2023-11-06 19:25:00,277
1690,2023-11-06 19:30:00,278
1691,2023-11-06 19:35:00,274
1692,2023-11-06 19:40:00,274
1693,2023-11-06 19:45:00,273
1694,2023-11-06 19:50:00,274
1695,2023-11-06 19:55:00,276
1696,2023-11-06 20:00:00,276
1697,2023-11-06 20:05:00,274
1698,2023-11-06 20:10:00,276
1699,2023-11-06 20:15:00,277
1700,2023-11-06 20:20:00,278
1701,2023-11-06 20:25:00,280
1702,2023-11-06 20:30:00,281
1703,2023-11-06 20:35:00,284
1704,2023-11-06 20:40:00,285
1705,2023-11-06 20:45:00,292
1706,2023-11-06 20:50:00,292
1707,2023-11-06 20:55:00,293
1708,2023-11-06 21:00:00,296
1709,2023-11-06 21:05:00,297
1710,2023-11-06 21:10:00,300
1711,2023-11-06 21:15:00,304
1712,2023-11-06 21:20:00,304
1713,2023-11-06 21:25:00,310
1714,2023-11-06 21:30:00,310
1715,2023-11-06 21:35:00,311
1716,2023-11-06 21:40:00,313
1717,2023-11-06 21:45:00,315
1718,2023-11-06 21:50:00,315
1719,2023-11-06 21:55:00,318
1720,2023-11-06 22:00:00,318
1721,2023-11-06 22:05:00,320
1722,2023-11-06 22:10:00,324
1723,2023-11-06 22:15:00,325
1724,2023-11-06 22:20:00,325
1725,2023-11-06 22:25:00,326
1726,2023-11-06 22:30:00,326
1727,2023-11-06 22:35:00,327
1728,2023-11-06 22:40:00,328
1729,2023-11-06 22:45:00,328
1730,2023-11-06 22:50:00,328
1731,2023-11-06 22:55:00,328
1732,2023-11-06 23:00:00,329
1733,2023-11-06 23:05:00,332
1734,2023-11-06 23:10:00,333
1735,2023-11-06 23:15:00,334
1736,2023-11-06 23:20:00,335
1737,2023-11-06 23:25:00,335
1738,2023-11-06 23:30:00,335
1739,2023-11-06 23:35:00,335
1740,2023-11-06 23:40:00,335
1741,2023-11-06 23:45:00,335
1742,2023-11-06 23:50:00,335
1743,2023-11-06 23:55:00,335
1744,2023-11-07 00:00:00,335
1745,2023-11-07 00:05:00,335
1746,2023-11-07 00:10:00,335
1747,2023-11-07 00:15:00,335
1748,2023-11-07 00:20:00,335
1749,2023-11-07 00:25:00,335
1750,2023-11-07 00:30:00,335
1751,2023-11-07 00:35:00,335
1752,2023-11-07 00:40:00,336
1753,2023-11-07 00:45:00,336
1754,2023-11-07 00:50:00,336
1755,2023-11-07 00:55:00,336
1756,2023-11-07 01:00:00,336
1757,2023-11-07 01:05:00,336
1758,2023-11-07 01:10:00,336
1759,2023-11-07 01:15:00,336
1760,2023-11-07 01:20:00,336
1761,2023-11-07 01:25:00,336
1762,2023-11-07 01:30:00,336
1763,2023-11-07 01:35:00,336
1764,2023-11-07 01:40:00,336
1765,2023-11-07 01:45:00,336
1766,2023-11-07 01:50:00,336
1767,2023-11-07 01:55:00,336
1768,2023-11-07 02:00:00,336
1769,2023-11-07 02:05:00,336
1770,2023-11-07 02:10:00,336
1771,2023-11-07 02:15:00,336
1772,2023-11-07 02:20:00,336
1773,2023-11-07 02:25:00,336
1774,2023-11-07 02:30:00,336
1775,2023-11-07 02:35:00,336
1776,2023-11-07 02:40:00,336
1777,2023-11-07 02:45:00,336
1778,2023-11-07 02:50:00,336
1779,2023-11-07 02:55:00,336
1780,2023-11-07 03:00:00,336
1781,2023-11-07 03:05:00,336
1782,2023-11-07 03:10:00,336
1783,2023-11-07 03:15:00,336
1784,2023-11-07 03:20:00,336
1785,2023-11-07 03:25:00,336
1786,2023-11-07 03:30:00,336
1787,2023-11-07 03:35:00,336
1788,2023-11-07 03:40:00,336
1789,2023-11-07 03:45:00,336
1790,2023-11-07 03:50:00,336
1791,2023-11-07 03:55:00,336
1792,2023-11-07 04:00:00,336
1793,2023-11-07 04:05:00,336
1794,2023-11-07 04:10:00,336
1795,2023-11-07 04:15:00,336
1796,2023-11-07 04:20:00,336
1797,2023-11-07 04:25:00,336
1798,2023-11-07 04:30:00,336
1799,2023-11-07 04:35:00,336
1800,2023-11-07 04:40:00,336
1801,2023-11-07 04:45:00,336
1802,2023-11-07 04:50:00,336
1803,2023-11-07 04:55:00,336
1804,2023-11-07 05:00:00,336
1805,2023-11-07 05:05:00,336
1806,2023-11-07 05:10:00,336
1807,2023-11-07 05:15:00,336
1808,2023-11-07 05:20:00,336
1809,2023-11-07 05:25:00,336
1810,2023-11-07 05:30:00,336
1811,2023-11-07 05:35:00,336
1812,2023-11-07 05:40:00,336
1813,2023-11-07 05:45:00,336
1814,2023-11-07 05:50:00,336
1815,2023-11-07 05:55:00,336
1816,2023-11-07 06:00:00,336
1817,2023-11-07 06:05:00,336
1818,2023-11-07 06:10:00,336
1819,2023-11-07 06:15:00,336
1820,2023-11-07 06:20:00,336
1821,2023-11-07 06:25:00,336
1822,2023-11-07 06:30:00,336
1823,2023-11-07 06:35:00,336
1824,2023-11-07 06:40:00,336
1825,2023-11-07 06:45:00,336
1826,2023-11-07 06:50:00,336
1827,2023-11-07 06:55:00,336
1828,2023-11-07 07:00:00,336
1829,2023-11-07 07:05:00,336
1830,2023-11-07 07:10:00,336
1831,2023-11-07 07:15:00,333
1832,2023-11-07 07:20:00,331
1833,2023-11-07 07:25:00,330
1834,2023-11-07 07:30:00,330
1835,2023-11-07 07:35:00,329
1836,2023-11-07 07:40:00,329
1837,2023-11-07 07:45:00,327
1838,2023-11-07 07:50:00,324
1839,2023-11-07 07:55:00,323
1840,2023-11-07 08:00:00,324
1841,2023-11-07 08:05:00,323
1842,2023-11-07 08:10:00,323
1843,2023-11-07 08:15:00,324
1844,2023-11-07 08:20:00,323
1845,2023-11-07 08:25:00,321
1846,2023-11-07 08:30:00,318
1847,2023-11-07 08:35:00,315
1848,2023-11-07 08:40:00,310
1849,2023-11-07 08:45:00,309
1850,2023-11-07 08:50:00,304
1851,2023-11-07 08:55:00,304
1852,2023-11-07 09:00:00,296
1853,2023-11-07 09:05:00,291
1854,2023-11-07 09:10:00,291
1855,2023-11-07 09:15:00,290
1856,2023-11-07 09:20:00,288
1857,2023-11-07 09:25:00,287
1858,2023-11-07 09:30:00,284
1859,2023-11-07 09:35:00,278
1860,2023-11-07 09:40:00,276
1861,2023-11-07 09:45:00,269
1862,2023-11-07 09:50:00,263
1863,2023-11-07 09:55:00,262
1864,2023-11-07 10:00:00,248
1865,2023-11-07 10:05:00,246
1866,2023-11-07 10:10:00,244
1867,2023-11-07 10:15:00,244
1868,2023-11-07 10:20:00,242
1869,2023-11-07 10:25:00,240
1870,2023-11-07 10:30:00,238
1871,2023-11-07 10:35:00,240
1872,2023-11-07 10:40:00,234
1873,2023-11-07 10:45:00,235
1874,2023-11-07 10:50:00,234
1875,2023-11-07 10:55:00,232
1876,2023-11-07 11:00:00,232
1877,2023-11-07 11:05:00,231
1878,2023-11-07 11:10:00,229
1879,2023-11-07 11:15:00,228
1880,2023-11-07 11:20:00,229
1881,2023-11-07 11:25:00,229
1882,2023-11-07 11:30:00,235
1883,2023-11-07 11:35:00,237
1884,2023-11-07 11:40:00,238
1885,2023-11-07 11:45:00,238
1886,2023-11-07 11:50:00,233
1887,2023-11-07 11:55:00,230
1888,2023-11-07 12:00:00,234
1889,2023-11-07 12:05:00,240
1890,2023-11-07 12:10:00,246
1891,2023-11-07 12:15:00,248
1892,2023-11-07 12:20:00,251
1893,2023-11-07 12:25:00,250
1894,2023-11-07 12:30:00,256
1895,2023-11-07 12:35:00,255
1896,2023-11-07 12:40:00,256
1897,2023-11-07 12:45:00,259
1898,2023-11-07 12:50:00,257
1899,2023-11-07 12:55:00,253
1900,2023-11-07 13:00:00,257
1901,2023-11-07 13:05:00,260
1902,2023-11-07 13:10:00,259
1903,2023-11-07 13:15:00,260
1904,2023-11-07 13:20:00,265
1905,2023-11-07 13:25:00,267
1906,2023-11-07 13:30:00,268
1907,2023-11-07 13:35:00,265
1908,2023-11-07 13:40:00,259
1909,2023-11-07 13:45:00,254
1910,2023-11-07 13:50:00,255
1911,2023-11-07 13:55:00,256
1912,2023-11-07 14:00:00,258
1913,2023-11-07 14:05:00,257
1914,2023-11-07 14:10:00,257
1915,2023-11-07 14:15:00,261
1916,2023-11-07 14:20:00,262
1917,2023-11-07 14:25:00,260
1918,2023-11-07 14:30:00,257
1919,2023-11-07 14:35:00,255
1920,2023-11-07 14:40:00,250
1921,2023-11-07 14:45:00,252
1922,2023-11-07 14:50:00,255
1923,2023-11-07 14:55:00,254
1924,2023-11-07 15:00:00,248
1925,2023-11-07 15:05:00,247
1926,2023-11-07 15:10:00,251
1927,2023-11-07 15:15:00,257
1928,2023-11-07 15:20:00,259
1929,2023-11-07 15:25:00,265
1930,2023-11-07 15:30:00,263
1931,2023-11-07 15:35:00,264
1932,2023-11-07 15:40:00,266
1933,2023-11-07 15:45:00,268
1934,2023-11-07 15:50:00,268
1935,2023-11-07 15:55:00,269
1936,2023-11-07 16:00:00,268
1937,2023-11-07 16:05:00,269
1938,2023-11-07 16:10:00,271
1939,2023-11-07 16:15:00,273
1940,2023-11-07 16:20:00,273
1941,2023-11-07 16:25:00,277
1942,2023-11-07 16:30:00,281
1943,2023-11-07 16:35:00,287
1944,2023-11-07 16:40:00,288
1945,2023-11-07 16:45:00,287
1946,2023-11-07 16:50:00,288
1947,2023-11-07 16:55:00,289
1948,2023-11-07 17:00:00,291
1949,2023-11-07 17:05:00,292
1950,2023-11-07 17:10:00,290
1951,2023-11-07 17:15:00,288
1952,2023-11-07 17:20:00,284
1953,2023-11-07 17:25:00,277
1954,2023-11-07 17:30:00,279
1955,2023-11-07 17:35:00,280
1956,2023-11-07 17:40:00,278
1957,2023-11-07 17:45:00,279
1958,2023-11-07 17:50:00,282
1959,2023-11-07 17:55:00,282
1960,2023-11-07 18:00:00,277
1961,2023-11-07 18:05:00,276
1962,2023-11-07 18:10:00,278
1963,2023-11-07 18:15:00,274
1964,2023-11-07 18:20:00,274
1965,2023-11-07 18:25:00,275
1966,2023-11-07 18:30:00,272
1967,2023-11-07 18:35:00,274
1968,2023-11-07 18:40:00,274
1969,2023-11-07 18:45:00,272
1970,2023-11-07 18:50:00,270
1971,2023-11-07 18:55:00,272
1972,2023-11-07 19:00:00,272
1973,2023-11-07 19:05:00,275
1974,2023-11-07 19:10:00,271
1975,2023-11-07 19:15:00,273
1976,2023-11-07 19:20:00,276
1977,2023-11-07 19:25:00,280
1978,2023-11-07 19:30:00,281
1979,2023-11-07 19:35:00,282
1980,2023-11-07 19:40:00,283
1981,2023-11-07 19:45:00,283
1982,2023-11-07 19:50:00,284
1983,2023-11-07 19:55:00,286
1984,2023-11-07 20:00:00,287
1985,2023-11-07 20:05:00,289
1986,2023-11-07 20:10:00,293
1987,2023-11-07 20:15:00,295
1988,2023-11-07 20:20:00,297
1989,2023-11-07 20:25:00,299
1990,2023-11-07 20:30:00,302
1991,2023-11-07 20:35:00,302
1992,2023-11-07 20:40:00,301
1993,2023-11-07 20:45:00,305
1994,2023-11-07 20:50:00,309
1995,2023-11-07 20:55:00,310
1996,2023-11-07 21:00:00,311
1997,2023-11-07 21:05:00,311
1998,2023-11-07 21:10:00,312
1999,2023-11-07 21:15:00,315
2000,2023-11-07 21:20:00,317
2001,2023-11-07 21:25:00,319
2002,2023-11-07 21:30:00,320
2003,2023-11-07 21:35:00,324
2004,2023-11-07 21:40:00,324
2005,2023-11-07 21:45:00,327
2006,2023-11-07 21:50:00,327
2007,2023-11-07 21:55:00,327
2008,2023-11-07 22:00:00,328
2009,2023-11-07 22:05:00,328
2010,2023-11-07 22:10:00,329
2011,2023-11-07 22:15:00,331
2012,2023-11-07 22:20:00,331
2013,2023-11-07 22:25:00,331
2014,2023-11-07 22:30:00,331
2015,2023-11-07 22:35:00,331
2016,2023-11-07 22:40:00,332
2017,2023-11-07 22:45:00,332
2018,2023-11-07 22:50:00,332
2019,2023-11-07 22:55:00,332
2020,2023-11-07 23:00:00,333
2021,2023-11-07 23:05:00,333
2022,2023-11-07 23:10:00,334
2023,2023-11-07 23:15:00,335
2024,2023-11-07 23:20:00,335
2025,2023-11-07 23:25:00,335
2026,2023-11-07 23:30:00,335
2027,2023-11-07 23:35:00,335
2028,2023-11-07 23:40:00,336
2029,2023-11-07 23:45:00,336
2030,2023-11-07 23:50:00,336
2031,2023-11-07 23:55:00,336
2032,2023-11-08 00:00:00,336
2033,2023-11-08 00:05:00,336
2034,2023-11-08 00:10:00,336
2035,2023-11-08 00:15:00,336
2036,2023-11-08 00:20:00,336
2037,2023-11-08 00:25:00,336
2038,2023-11-08 00:30:00,336
2039,2023-11-08 00:35:00,336
2040,2023-11-08 00:40:00,336
2041,2023-11-08 00:45:00,336
2042,2023-11-08 00:50:00,336
2043,2023-11-08 00:55:00,336
2044,2023-11-08 01:00:00,336
2045,2023-11-08 01:05:00,336
2046,2023-11-08 01:10:00,336
2047,2023-11-08 01:15:00,335
2048,2023-11-08 01:20:00,335
2049,2023-11-08 01:25:00,335
2050,2023-11-08 01:30:00,335
2051,2023-11-08 01:35:00,335
2052,2023-11-08 01:40:00,335
2053,2023-11-08 01:45:00,335
2054,2023-11-08 01:50:00,335
2055,2023-11-08 01:55:00,335
2056,2023-11-08 02:00:00,335
2057,2023-11-08 02:05:00,335
2058,2023-11-08 02:10:00,335
2059,2023-11-08 02:15:00,335
2060,2023-11-08 02:20:00,335
2061,2023-11-08 02:25:00,335
2062,2023-11-08 02:30:00,335
2063,2023-11-08 02:35:00,335
2064,2023-11-08 02:40:00,335
2065,2023-11-08 02:45:00,335
2066,2023-11-08 02:50:00,335
2067,2023-11-08 02:55:00,335
2068,2023-11-08 03:00:00,335
2069,2023-11-08 03:05:00,335
2070,2023-11-08 03:10:00,335
2071,2023-11-08 03:15:00,335
2072,2023-11-08 03:20:00,335
2073,2023-11-08 03:25:00,335
2074,2023-11-08 03:30:00,335
2075,2023-11-08 03:35:00,335
2076,2023-11-08 03:40:00,335
2077,2023-11-08 03:45:00,335
2078,2023-11-08 03:50:00,335
2079,2023-11-08 03:55:00,335
2080,2023-11-08 04:00:00,335
2081,2023-11-08 04:05:00,335
2082,2023-11-08 04:10:00,335
2083,2023-11-08 04:15:00,335
2084,2023-11-08 04:20:00,335
2085,2023-11-08 04:25:00,335
2086,2023-11-08 04:30:00,335
2087,2023-11-08 04:35:00,335
2088,2023-11-08 04:40:00,335
2089,2023-11-08 04:45:00,335
2090,2023-11-08 04:50:00,335
2091,2023-11-08 04:55:00,335
2092,2023-11-08 05:00:00,335
2093,2023-11-08 05:05:00,335
2094,2023-11-08 05:10:00,335
2095,2023-11-08 05:15:00,335
2096,2023-11-08 05:20:00,335
2097,2023-11-08 05:25:00,335
2098,2023-11-08 05:30:00,335
2099,2023-11-08 05:35:00,335
2100,2023-11-08 05:40:00,335
2101,2023-11-08 05:45:00,335
2102,2023-11-08 05:50:00,335
2103,2023-11-08 05:55:00,335
2104,2023-11-08 06:00:00,335
2105,2023-11-08 06:05:00,335
2106,2023-11-08 06:10:00,335
2107,2023-11-08 06:15:00,334
2108,2023-11-08 06:20:00,334
2109,2023-11-08 06:25:00,334
2110,2023-11-08 06:30:00,334
2111,2023-11-08 06:35:00,332
2112,2023-11-08 06:40:00,332
2113,2023-11-08 06:45:00,331
2114,2023-11-08 06:50:00,330
2115,2023-11-08 06:55:00,328
2116,2023-11-08 07:00:00,327
2117,2023-11-08 07:05:00,323
2118,2023-11-08 07:10:00,322
2119,2023-11-08 07:15:00,320
2120,2023-11-08 07:20:00,321
2121,2023-11-08 07:25:00,319
2122,2023-11-08 07:30:00,318
2123,2023-11-08 07:35:00,318
2124,2023-11-08 07:40:00,317
2125,2023-11-08 07:45:00,314
2126,2023-11-08 07:50:00,315
2127,2023-11-08 07:55:00,315
2128,2023-11-08 08:00:00,313
2129,2023-11-08 08:05:00,314
2130,2023-11-08 08:10:00,315
2131,2023-11-08 08:15:00,314
2132,2023-11-08 08:20:00,313
2133,2023-11-08 08:25:00,313
2134,2023-11-08 08:30:00,314
2135,2023-11-08 08:35:00,309
2136,2023-11-08 08:40:00,308
2137,2023-11-08 08:45:00,306
2138,2023-11-08 08:50:00,305
2139,2023-11-08 08:55:00,299
2140,2023-11-08 09:00:00,299
2141,2023-11-08 09:05:00,298
2142,2023-11-08 09:10:00,291
2143,2023-11-08 09:15:00,286
2144,2023-11-08 09:20:00,285
2145,2023-11-08 09:25:00,279
2146,2023-11-08 09:30:00,276
2147,2023-11-08 09:35:00,271
2148,2023-11-08 09:40:00,266
2149,2023-11-08 09:45:00,261
2150,2023-11-08 09:50:00,259
2151,2023-11-08 09:55:00,256
2152,2023-11-08 10:00:00,248
2153,2023-11-08 10:05:00,247
2154,2023-11-08 10:10:00,247
2155,2023-11-08 10:15:00,242
2156,2023-11-08 10:20:00,236
2157,2023-11-08 10:25:00,237
2158,2023-11-08 10:30:00,238
2159,2023-11-08 10:35:00,237
2160,2023-11-08 10:40:00,237
2161,2023-11-08 10:45:00,240
2162,2023-11-08 10:50:00,241
2163,2023-11-08 10:55:00,247
2164,2023-11-08 11:00:00,247
2165,2023-11-08 11:05:00,246
2166,2023-11-08 11:10:00,247
2167,2023-11-08 11:15:00,245
2168,2023-11-08 11:20:00,242
2169,2023-11-08 11:25:00,241
2170,2023-11-08 11:30:00,244
2171,2023-11-08 11:35:00,242
2172,2023-11-08 11:40:00,242
2173,2023-11-08 11:45:00,239
2174,2023-11-08 11:50:00,237
2175,2023-11-08 11:55:00,235
2176,2023-11-08 12:00:00,233
2177,2023-11-08 12:05:00,234
2178,2023-11-08 12:10:00,236
2179,2023-11-08 12:15:00,238
2180,2023-11-08 12:20:00,237
2181,2023-11-08 12:25:00,237
2182,2023-11-08 12:30:00,240
2183,2023-11-08 12:35:00,238
2184,2023-11-08 12:40:00,239
2185,2023-11-08 12:45:00,244
2186,2023-11-08 12:50:00,246
2187,2023-11-08 12:55:00,250
2188,2023-11-08 13:00:00,251
2189,2023-11-08 13:05:00,252
2190,2023-11-08 13:10:00,254
2191,2023-11-08 13:15:00,251
2192,2023-11-08 13:20:00,250
2193,2023-11-08 13:25:00,251
2194,2023-11-08 13:30:00,251
2195,2023-11-08 13:35:00,247
2196,2023-11-08 13:40:00,248
2197,2023-11-08 13:45:00,251
2198,2023-11-08 13:50:00,246
2199,2023-11-08 13:55:00,247
2200,2023-11-08 14:00:00,246
2201,2023-11-08 14:05:00,242
2202,2023-11-08 14:10:00,246
2203,2023-11-08 14:15:00,245
2204,2023-11-08 14:20:00,243
2205,2023-11-08 14:25:00,244
2206,2023-11-08 14:30:00,244
2207,2023-11-08 14:35:00,247
2208,2023-11-08 14:40:00,245
2209,2023-11-08 14:45:00,249
2210,2023-11-08 14:50:00,254
2211,2023-11-08 14:55:00,253
2212,2023-11-08 15:00:00,250
2213,2023-11-08 15:05:00,251
2214,2023-11-08 15:10:00,252
2215,2023-11-08 15:15:00,253
2216,2023-11-08 15:20:00,250
2217,2023-11-08 15:25:00,252
2218,2023-11-08 15:30:00,253
2219,2023-11-08 15:35:00,256
2220,2023-11-08 15:40:00,255
2221,2023-11-08 15:45:00,259
2222,2023-11-08 15:50:00,258
2223,2023-11-08 15:55:00,262
2224,2023-11-08 16:00:00,265
2225,2023-11-08 16:05:00,263
2226,2023-11-08 16:10:00,267
2227,2023-11-08 16:15:00,269
2228,2023-11-08 16:20:00,272
2229,2023-11-08 16:25:00,277
2230,2023-11-08 16:30:00,277
2231,2023-11-08 16:35:00,285
2232,2023-11-08 16:40:00,290
2233,2023-11-08 16:45:00,294
2234,2023-11-08 16:50:00,292
2235,2023-11-08 16:55:00,296
2236,2023-11-08 17:00:00,293
2237,2023-11-08 17:05:00,293
2238,2023-11-08 17:10:00,292
2239,2023-11-08 17:15:00,287
2240,2023-11-08 17:20:00,287
2241,2023-11-08 17:25:00,288
2242,2023-11-08 17:30:00,284
2243,2023-11-08 17:35:00,288
2244,2023-11-08 17:40:00,289
2245,2023-11-08 17:45:00,283
2246,2023-11-08 17:50:00,283
2247,2023-11-08 17:55:00,280
2248,2023-11-08 18:00:00,279
2249,2023-11-08 18:05:00,274
2250,2023-11-08 18:10:00,277
2251,2023-11-08 18:15:00,272
2252,2023-11-08 18:20:00,273
2253,2023-11-08 18:25:00,275
2254,2023-11-08 18:30:00,275
2255,2023-11-08 18:35:00,270
2256,2023-11-08 18:40:00,268
2257,2023-11-08 18:45:00,263
2258,2023-11-08 18:50:00,259
2259,2023-11-08 18:55:00,256
2260,2023-11-08 19:00:00,257
2261,2023-11-08 19:05:00,257
2262,2023-11-08 19:10:00,261
2263,2023-11-08 19:15:00,266
2264,2023-11-08 19:20:00,267
2265,2023-11-08 19:25:00,267
2266,2023-11-08 19:30:00,266
2267,2023-11-08 19:35:00,268
2268,2023-11-08 19:40:00,267
2269,2023-11-08 19:45:00,269
2270,2023-11-08 19:50:00,268
2271,2023-11-08 19:55:00,272
2272,2023-11-08 20:00:00,271
2273,2023-11-08 20:05:00,273
2274,2023-11-08 20:10:00,277
2275,2023-11-08 20:15:00,281
2276,2023-11-08 20:20:00,283
2277,2023-11-08 20:25:00,287
2278,2023-11-08 20:30:00,289
2279,2023-11-08 20:35:00,291
2280,2023-11-08 20:40:00,292
2281,2023-11-08 20:45:00,292
2282,2023-11-08 20:50:00,296
2283,2023-11-08 20:55:00,299
2284,2023-11-08 21:00:00,299
2285,2023-11-08 21:05:00,301
2286,2023-11-08 21:10:00,302
2287,2023-11-08 21:15:00,311
2288,2023-11-08 21:20:00,313
2289,2023-11-08 21:25:00,314
2290,2023-11-08 21:30:00,314
2291,2023-11-08 21:35:00,314
2292,2023-11-08 21:40:00,315
2293,2023-11-08 21:45:00,315
2294,2023-11-08 21:50:00,319
2295,2023-11-08 21:55:00,322
2296,2023-11-08 22:00:00,327
2297,2023-11-08 22:05:00,330
2298,2023-11-08 22:10:00,330
2299,2023-11-08 22:15:00,330
2300,2023-11-08 22:20:00,331
2301,2023-11-08 22:25:00,334
2302,2023-11-08 22:30:00,335
2303,2023-11-08 22:35:00,337
2304,2023-11-08 22:40:00,341
2305,2023-11-08 22:45:00,341
2306,2023-11-08 22:50:00,342
2307,2023-11-08 22:55:00,342
2308,2023-11-08 23:00:00,342
2309,2023-11-08 23:05:00,342
2310,2023-11-08 23:10:00,342
2311,2023-11-08 23:15:00,342
2312,2023-11-08 23:20:00,342
2313,2023-11-08 23:25:00,342
2314,2023-11-08 23:30:00,342
2315,2023-11-08 23:35:00,342
2316,2023-11-08 23:40:00,342
2317,2023-11-08 23:45:00,342
2318,2023-11-08 23:50:00,342
2319,2023-11-08 23:55:00,342
2320,2023-11-09 00:00:00,342
2321,2023-11-09 00:05:00,342
2322,2023-11-09 00:10:00,342
2323,2023-11-09 00:15:00,342
2324,2023-11-09 00:20:00,342
2325,2023-11-09 00:25:00,342
2326,2023-11-09 00:30:00,342
2327,2023-11-09 00:35:00,342
2328,2023-11-09 00:40:00,342
2329,2023-11-09 00:45:00,342
2330,2023-11-09 00:50:00,342
2331,2023-11-09 00:55:00,342
2332,2023-11-09 01:00:00,342
2333,2023-11-09 01:05:00,342
2334,2023-11-09 01:10:00,342
2335,2023-11-09 01:15:00,342
2336,2023-11-09 01:20:00,342
2337,2023-11-09 01:25:00,342
2338,2023-11-09 01:30:00,342
2339,2023-11-09 01:35:00,342
2340,2023-11-09 01:40:00,342
2341,2023-11-09 01:45:00,342
2342,2023-11-09 01:50:00,342
2343,2023-11-09 01:55:00,342
2344,2023-11-09 02:00:00,342
2345,2023-11-09 02:05:00,342
2346,2023-11-09 02:10:00,342
2347,2023-11-09 02:15:00,342
2348,2023-11-09 02:20:00,342
2349,2023-11-09 02:25:00,342
2350,2023-11-09 02:30:00,342
2351,2023-11-09 02:35:00,342
2352,2023-11-09 02:40:00,342
2353,2023-11-09 02:45:00,342
2354,2023-11-09 02:50:00,342
2355,2023-11-09 02:55:00,342
2356,2023-11-09 03:00:00,342
2357,2023-11-09 03:05:00,342
2358,2023-11-09 03:10:00,342
2359,2023-11-09 03:15:00,342
2360,2023-11-09 03:20:00,342
2361,2023-11-09 03:25:00,342
2362,2023-11-09 03:30:00,342
2363,2023-11-09 03:35:00,342
2364,2023-11-09 03:40:00,342
2365,2023-11-09 03:45:00,342
2366,2023-11-09 03:50:00,342
2367,2023-11-09 03:55:00,342
2368,2023-11-09 04:00:00,342
2369,2023-11-09 04:05:00,342
2370,2023-11-09 04:10:00,342
2371,2023-11-09 04:15:00,342
2372,2023-11-09 04:20:00,342
2373,2023-11-09 04:25:00,342
2374,2023-11-09 04:30:00,342
2375,2023-11-09 04:35:00,342
2376,2023-11-09 04:40:00,342
2377,2023-11-09 04:45:00,342
2378,2023-11-09 04:50:00,342
2379,2023-11-09 04:55:00,342
2380,2023-11-09 05:00:00,342
2381,2023-11-09 05:05:00,342
2382,2023-11-09 05:10:00,342
2383,2023-11-09 05:15:00,342
2384,2023-11-09 05:20:00,342
2385,2023-11-09 05:25:00,342
2386,2023-11-09 05:30:00,342
2387,2023-11-09 05:35:00,342
2388,2023-11-09 05:40:00,342
2389,2023-11-09 05:45:00,342
2390,2023-11-09 05:50:00,342
2391,2023-11-09 05:55:00,342
2392,2023-11-09 06:00:00,342
2393,2023-11-09 06:05:00,342
2394,2023-11-09 06:10:00,342
2395,2023-11-09 06:15:00,342
2396,2023-11-09 06:20:00,342
2397,2023-11-09 06:25:00,342
2398,2023-11-09 06:30:00,342
2399,2023-11-09 06:35:00,342
2400,2023-11-09 06:40:00,342
2401,2023-11-09 06:45:00,342
2402,2023-11-09 06:50:00,342
2403,2023-11-09 06:55:00,341
2404,2023-11-09 07:00:00,341
2405,2023-11-09 07:05:00,340
2406,2023-11-09 07:10:00,340
2407,2023-11-09 07:15:00,337
2408,2023-11-09 07:20:00,337
2409,2023-11-09 07:25:00,337
2410,2023-11-09 07:30:00,335
2411,2023-11-09 07:35:00,336
2412,2023-11-09 07:40:00,335
2413,2023-11-09 07:45:00,330
2414,2023-11-09 07:50:00,330
2415,2023-11-09 07:55:00,328
2416,2023-11-09 08:00:00,326
2417,2023-11-09 08:05:00,325
2418,2023-11-09 08:10:00,323
2419,2023-11-09 08:15:00,319
2420,2023-11-09 08:20:00,319
2421,2023-11-09 08:25:00,316
2422,2023-11-09 08:30:00,314
2423,2023-11-09 08:35:00,311
2424,2023-11-09 08:40:00,305
2425,2023-11-09 08:45:00,304
2426,2023-11-09 08:50:00,299
2427,2023-11-09 08:55:00,299
2428,2023-11-09 09:00:00,294
2429,2023-11-09 09:05:00,293
2430,2023-11-09 09:10:00,292
2431,2023-11-09 09:15:00,285
2432,2023-11-09 09:20:00,282
2433,2023-11-09 09:25:00,279
2434,2023-11-09 09:30:00,275
2435,2023-11-09 09:35:00,274
2436,2023-11-09 09:40:00,274
2437,2023-11-09 09:45:00,272
2438,2023-11-09 09:50:00,271
2439,2023-11-09 09:55:00,272
2440,2023-11-09 10:00:00,268
2441,2023-11-09 10:05:00,258
2442,2023-11-09 10:10:00,255
2443,2023-11-09 10:15:00,252
2444,2023-11-09 10:20:00,248
2445,2023-11-09 10:25:00,247
2446,2023-11-09 10:30:00,245
2447,2023-11-09 10:35:00,243
2448,2023-11-09 10:40:00,241
2449,2023-11-09 10:45:00,237
2450,2023-11-09 10:50:00,236
2451,2023-11-09 10:55:00,238
2452,2023-11-09 11:00:00,234
2453,2023-11-09 11:05:00,237
2454,2023-11-09 11:10:00,235
2455,2023-11-09 11:15:00,237
2456,2023-11-09 11:20:00,239
2457,2023-11-09 11:25:00,238
2458,2023-11-09 11:30:00,238
2459,2023-11-09 11:35:00,248
2460,2023-11-09 11:40:00,255
2461,2023-11-09 11:45:00,257
2462,2023-11-09 11:50:00,257
2463,2023-11-09 11:55:00,261
2464,2023-11-09 12:00:00,256
2465,2023-11-09 12:05:00,253
2466,2023-11-09 12:10:00,249
2467,2023-11-09 12:15:00,251
2468,2023-11-09 12:20:00,256
2469,2023-11-09 12:25:00,257
2470,2023-11-09 12:30:00,257
2471,2023-11-09 12:35:00,253
2472,2023-11-09 12:40:00,256
2473,2023-11-09 12:45:00,254
2474,2023-11-09 12:50:00,256
2475,2023-11-09 12:55:00,258
2476,2023-11-09 13:00:00,256
2477,2023-11-09 13:05:00,261
2478,2023-11-09 13:10:00,260
2479,2023-11-09 13:15:00,260
2480,2023-11-09 13:20:00,258
2481,2023-11-09 13:25:00,256
2482,2023-11-09 13:30:00,255
2483,2023-11-09 13:35:00,253
2484,2023-11-09 13:40:00,254
2485,2023-11-09 13:45:00,254
2486,2023-11-09 13:50:00,249
2487,2023-11-09 13:55:00,247
2488,2023-11-09 14:00:00,246
2489,2023-11-09 14:05:00,244
2490,2023-11-09 14:10:00,244
2491,2023-11-09 14:15:00,245
2492,2023-11-09 14:20:00,245
2493,2023-11-09 14:25:00,244
2494,2023-11-09 14:30:00,246
2495,2023-11-09 14:35:00,251
2496,2023-11-09 14:40:00,249
2497,2023-11-09 14:45:00,247
2498,2023-11-09 14:50:00,244
2499,2023-11-09 14:55:00,245
2500,2023-11-09 15:00:00,248
2501,2023-11-09 15:05:00,252
2502,2023-11-09 15:10:00,253
2503,2023-11-09 15:15:00,254
2504,2023-11-09 15:20:00,255
2505,2023-11-09 15:25:00,255
2506,2023-11-09 15:30:00,256
2507,2023-11-09 15:35:00,254
2508,2023-11-09 15:40:00,255
2509,2023-11-09 15:45:00,255
2510,2023-11-09 15:50:00,255
2511,2023-11-09 15:55:00,252
2512,2023-11-09 16:00:00,251
2513,2023-11-09 16:05:00,253
2514,2023-11-09 16:10:00,253
2515,2023-11-09 16:15:00,261
2516,2023-11-09 16:20:00,257
2517,2023-11-09 16:25:00,263
2518,2023-11-09 16:30:00,256
2519,2023-11-09 16:35:00,258
2520,2023-11-09 16:40:00,258
2521,2023-11-09 16:45:00,259
2522,2023-11-09 16:50:00,257
2523,2023-11-09 16:55:00,255
2524,2023-11-09 17:00:00,256
2525,2023-11-09 17:05:00,255
2526,2023-11-09 17:10:00,256
2527,2023-11-09 17:15:00,257
2528,2023-11-09 17:20:00,258
2529,2023-11-09 17:25:00,254
2530,2023-11-09 17:30:00,253
2531,2023-11-09 17:35:00,258
2532,2023-11-09 17:40:00,263
2533,2023-11-09 17:45:00,266
2534,2023-11-09 17:50:00,265
2535,2023-11-09 17:55:00,271
2536,2023-11-09 18:00:00,267
2537,2023-11-09 18:05:00,264
2538,2023-11-09 18:10:00,265
2539,2023-11-09 18:15:00,262
2540,2023-11-09 18:20:00,264
2541,2023-11-09 18:25:00,263
2542,2023-11-09 18:30:00,266
2543,2023-11-09 18:35:00,269
2544,2023-11-09 18:40:00,270
2545,2023-11-09 18:45:00,276
2546,2023-11-09 18:50:00,277
2547,2023-11-09 18:55:00,276
2548,2023-11-09 19:00:00,279
2549,2023-11-09 19:05:00,276
2550,2023-11-09 19:10:00,277
2551,2023-11-09 19:15:00,279
2552,2023-11-09 19:20:00,280
2553,2023-11-09 19:25:00,279
2554,2023-11-09 19:30:00,280
2555,2023-11-09 19:35:00,277
2556,2023-11-09 19:40:00,275
2557,2023-11-09 19:45:00,274
2558,2023-11-09 19:50:00,275
2559,2023-11-09 19:55:00,275
2560,2023-11-09 20:00:00,276
2561,2023-11-09 20:05:00,278
2562,2023-11-09 20:10:00,279
2563,2023-11-09 20:15:00,280
2564,2023-11-09 20:20:00,277
2565,2023-11-09 20:25:00,278
2566,2023-11-09 20:30:00,279
2567,2023-11-09 20:35:00,280
2568,2023-11-09 20:40:00,286
2569,2023-11-09 20:45:00,288
2570,2023-11-09 20:50:00,289
2571,2023-11-09 20:55:00,290
2572,2023-11-09 21:00:00,291
2573,2023-11-09 21:05:00,291
2574,2023-11-09 21:10:00,293
2575,2023-11-09 21:15:00,299
2576,2023-11-09 21:20:00,303
2577,2023-11-09 21:25:00,303
2578,2023-11-09 21:30:00,307
2579,2023-11-09 21:35:00,308
2580,2023-11-09 21:40:00,311
2581,2023-11-09 21:45:00,312
2582,2023-11-09 21:50:00,313
2583,2023-11-09 21:55:00,316
2584,2023-11-09 22:00:00,317
2585,2023-11-09 22:05:00,321
2586,2023-11-09 22:10:00,322
2587,2023-11-09 22:15:00,323
2588,2023-11-09 22:20:00,324
2589,2023-11-09 22:25:00,327
2590,2023-11-09 22:30:00,328
2591,2023-11-09 22:35:00,329
2592,2023-11-09 22:40:00,330
2593,2023-11-09 22:45:00,333
2594,2023-11-09 22:50:00,335
2595,2023-11-09 22:55:00,336
2596,2023-11-09 23:00:00,337
2597,2023-11-09 23:05:00,338
2598,2023-11-09 23:10:00,338
2599,2023-11-09 23:15:00,339
2600,2023-11-09 23:20:00,339
2601,2023-11-09 23:25:00,339
2602,2023-11-09 23:30:00,339
2603,2023-11-09 23:35:00,340
2604,2023-11-09 23:40:00,340
2605,2023-11-09 23:45:00,340
2606,2023-11-09 23:50:00,340
2607,2023-11-09 23:55:00,340
2608,2023-11-10 00:00:00,340
2609,2023-11-10 00:05:00,340
2610,2023-11-10 00:10:00,340
2611,2023-11-10 00:15:00,340
2612,2023-11-10 00:20:00,340
2613,2023-11-10 00:25:00,340
2614,2023-11-10 00:30:00,340
2615,2023-11-10 00:35:00,340
2616,2023-11-10 00:40:00,340
2617,2023-11-10 00:45:00,340
2618,2023-11-10 00:50:00,340
2619,2023-11-10 00:55:00,340
2620,2023-11-10 01:00:00,340
2621,2023-11-10 01:05:00,340
2622,2023-11-10 01:10:00,340
2623,2023-11-10 01:15:00,340
2624,2023-11-10 01:20:00,340
2625,2023-11-10 01:25:00,340
2626,2023-11-10 01:30:00,340
2627,2023-11-10 01:35:00,340
2628,2023-11-10 01:40:00,340
2629,2023-11-10 01:45:00,339
2630,2023-11-10 01:50:00,339
2631,2023-11-10 01:55:00,339
2632,2023-11-10 02:00:00,339
2633,2023-11-10 02:05:00,339
2634,2023-11-10 02:10:00,339
2635,2023-11-10 02:15:00,339
2636,2023-11-10 02:20:00,339
2637,2023-11-10 02:25:00,340
2638,2023-11-10 02:30:00,340
2639,2023-11-10 02:35:00,340
2640,2023-11-10 02:40:00,340
2641,2023-11-10 02:45:00,340
2642,2023-11-10 02:50:00,340
2643,2023-11-10 02:55:00,340
2644,2023-11-10 03:00:00,341
2645,2023-11-10 03:05:00,341
2646,2023-11-10 03:10:00,341
2647,2023-11-10 03:15:00,341
2648,2023-11-10 03:20:00,341
2649,2023-11-10 03:25:00,341
2650,2023-11-10 03:30:00,341
2651,2023-11-10 03:35:00,341
2652,2023-11-10 03:40:00,341
2653,2023-11-10 03:45:00,341
2654,2023-11-10 03:50:00,341
2655,2023-11-10 03:55:00,341
2656,2023-11-10 04:00:00,341
2657,2023-11-10 04:05:00,341
2658,2023-11-10 04:10:00,341
2659,2023-11-10 04:15:00,341
2660,2023-11-10 04:20:00,341
2661,2023-11-10 04:25:00,341
2662,2023-11-10 04:30:00,341
2663,2023-11-10 04:35:00,341
2664,2023-11-10 04:40:00,341
2665,2023-11-10 04:45:00,341
2666,2023-11-10 04:50:00,341
2667,2023-11-10 04:55:00,341
2668,2023-11-10 05:00:00,341
2669,2023-11-10 05:05:00,341
2670,2023-11-10 05:10:00,341
2671,2023-11-10 05:15:00,341
2672,2023-11-10 05:20:00,341
2673,2023-11-10 05:25:00,341
2674,2023-11-10 05:30:00,341
2675,2023-11-10 05:35:00,341
2676,2023-11-10 05:40:00,341
2677,2023-11-10 05:45:00,341
2678,2023-11-10 05:50:00,341
2679,2023-11-10 05:55:00,341
2680,2023-11-10 06:00:00,341
2681,2023-11-10 06:05:00,341
2682,2023-11-10 06:10:00,341
2683,2023-11-10 06:15:00,341
2684,2023-11-10 06:20:00,340
2685,2023-11-10 06:25:00,340
2686,2023-11-10 06:30:00,340
2687,2023-11-10 06:35:00,340
2688,2023-11-10 06:40:00,340
2689,2023-11-10 06:45:00,340
2690,2023-11-10 06:50:00,340
2691,2023-11-10 06:55:00,340
2692,2023-11-10 07:00:00,340
2693,2023-11-10 07:05:00,339
2694,2023-11-10 07:10:00,339
2695,2023-11-10 07:15:00,338
2696,2023-11-10 07:20:00,338
2697,2023-11-10 07:25:00,337
2698,2023-11-10 07:30:00,337
2699,2023-11-10 07:35:00,334
2700,2023-11-10 07:40:00,333
2701,2023-11-10 07:45:00,332
2702,2023-11-10 07:50:00,331
2703,2023-11-10 07:55:00,329
2704,2023-11-10 08:00:00,330
2705,2023-11-10 08:05:00,329
2706,2023-11-10 08:10:00,323
2707,2023-11-10 08:15:00,322
2708,2023-11-10 08:20:00,322
2709,2023-11-10 08:25:00,322
2710,2023-11-10 08:30:00,322
2711,2023-11-10 08:35:00,325
2712,2023-11-10 08:40:00,323
2713,2023-11-10 08:45:00,323
2714,2023-11-10 08:50:00,321
2715,2023-11-10 08:55:00,320
2716,2023-11-10 09:00:00,316
2717,2023-11-10 09:05:00,313
2718,2023-11-10 09:10:00,313
2719,2023-11-10 09:15:00,312
2720,2023-11-10 09:20:00,312
2721,2023-11-10 09:25:00,308
2722,2023-11-10 09:30:00,306
2723,2023-11-10 09:35:00,306
2724,2023-11-10 09:40:00,300
2725,2023-11-10 09:45:00,301
2726,2023-11-10 09:50:00,298
2727,2023-11-10 09:55:00,295
2728,2023-11-10 10:00:00,291
2729,2023-11-10 10:05:00,286
2730,2023-11-10 10:10:00,281
2731,2023-11-10 10:15:00,278
2732,2023-11-10 10:20:00,277
2733,2023-11-10 10:25:00,273
2734,2023-11-10 10:30:00,264
2735,2023-11-10 10:35:00,260
2736,2023-11-10 10:40:00,258
2737,2023-11-10 10:45:00,256
2738,2023-11-10 10:50:00,251
2739,2023-11-10 10:55:00,250
2740,2023-11-10 11:00:00,244
2741,2023-11-10 11:05:00,234
2742,2023-11-10 11:10:00,230
2743,2023-11-10 11:15:00,232
2744,2023-11-10 11:20:00,233
2745,2023-11-10 11:25:00,229
2746,2023-11-10 11:30:00,229
2747,2023-11-10 11:35:00,233
2748,2023-11-10 11:40:00,233
2749,2023-11-10 11:45:00,233
2750,2023-11-10 11:50:00,236
2751,2023-11-10 11:55:00,238
2752,2023-11-10 12:00:00,239
2753,2023-11-10 12:05:00,238
2754,2023-11-10 12:10:00,239
2755,2023-11-10 12:15:00,239
2756,2023-11-10 12:20:00,238
2757,2023-11-10 12:25:00,245
2758,2023-11-10 12:30:00,243
2759,2023-11-10 12:35:00,243
2760,2023-11-10 12:40:00,247
2761,2023-11-10 12:45:00,252
2762,2023-11-10 12:50:00,255
2763,2023-11-10 12:55:00,256
2764,2023-11-10 13:00:00,252
2765,2023-11-10 13:05:00,253
2766,2023-11-10 13:10:00,252
2767,2023-11-10 13:15:00,250
2768,2023-11-10 13:20:00,251
2769,2023-11-10 13:25:00,251
2770,2023-11-10 13:30:00,249
2771,2023-11-10 13:35:00,251
2772,2023-11-10 13:40:00,251
2773,2023-11-10 13:45:00,247
2774,2023-11-10 13:50:00,246
2775,2023-11-10 13:55:00,246
2776,2023-11-10 14:00:00,244
2777,2023-11-10 14:05:00,243
2778,2023-11-10 14:10:00,247
2779,2023-11-10 14:15:00,242
2780,2023-11-10 14:20:00,249
2781,2023-11-10 14:25:00,250
2782,2023-11-10 14:30:00,248
2783,2023-11-10 14:35:00,245
2784,2023-11-10 14:40:00,243
2785,2023-11-10 14:45:00,245
2786,2023-11-10 14:50:00,244
2787,2023-11-10 14:55:00,239
2788,2023-11-10 15:00:00,242
2789,2023-11-10 15:05:00,242
2790,2023-11-10 15:10:00,248
2791,2023-11-10 15:15:00,248
2792,2023-11-10 15:20:00,249
2793,2023-11-10 15:25:00,249
2794,2023-11-10 15:30:00,253
2795,2023-11-10 15:35:00,258
2796,2023-11-10 15:40:00,258
2797,2023-11-10 15:45:00,258
2798,2023-11-10 15:50:00,258
2799,2023-11-10 15:55:00,259
2800,2023-11-10 16:00:00,258
2801,2023-11-10 16:05:00,258
2802,2023-11-10 16:10:00,260
2803,2023-11-10 16:15:00,263
2804,2023-11-10 16:20:00,260
2805,2023-11-10 16:25:00,258
2806,2023-11-10 16:30:00,259
2807,2023-11-10 16:35:00,263
2808,2023-11-10 16:40:00,268
2809,2023-11-10 16:45:00,268
2810,2023-11-10 16:50:00,265
2811,2023-11-10 16:55:00,267
2812,2023-11-10 17:00:00,268
2813,2023-11-10 17:05:00,267
2814,2023-11-10 17:10:00,265
2815,2023-11-10 17:15:00,266
2816,2023-11-10 17:20:00,269
2817,2023-11-10 17:25:00,269
2818,2023-11-10 17:30:00,266
2819,2023-11-10 17:35:00,266
2820,2023-11-10 17:40:00,268
2821,2023-11-10 17:45:00,266
2822,2023-11-10 17:50:00,259
2823,2023-11-10 17:55:00,254
2824,2023-11-10 18:00:00,252
2825,2023-11-10 18:05:00,251
2826,2023-11-10 18:10:00,245
2827,2023-11-10 18:15:00,240
2828,2023-11-10 18:20:00,237
2829,2023-11-10 18:25:00,237
2830,2023-11-10 18:30:00,224
2831,2023-11-10 18:35:00,215
2832,2023-11-10 18:40:00,213
2833,2023-11-10 18:45:00,213
2834,2023-11-10 18:50:00,216
2835,2023-11-10 18:55:00,216
2836,2023-11-10 19:00:00,207
2837,2023-11-10 19:05:00,206
2838,2023-11-10 19:10:00,206
2839,2023-11-10 19:15:00,208
2840,2023-11-10 19:20:00,204
2841,2023-11-10 19:25:00,206
2842,2023-11-10 19:30:00,210
2843,2023-11-10 19:35:00,211
2844,2023-11-10 19:40:00,214
2845,2023-11-10 19:45:00,217
2846,2023-11-10 19:50:00,219
2847,2023-11-10 19:55:00,221
2848,2023-11-10 20:00:00,223
2849,2023-11-10 20:05:00,225
2850,2023-11-10 20:10:00,225
2851,2023-11-10 20:15:00,228
2852,2023-11-10 20:20:00,230
2853,2023-11-10 20:25:00,232
2854,2023-11-10 20:30:00,233
2855,2023-11-10 20:35:00,236
2856,2023-11-10 20:40:00,240
2857,2023-11-10 20:45:00,242
2858,2023-11-10 20:50:00,248
2859,2023-11-10 20:55:00,249
2860,2023-11-10 21:00:00,252
2861,2023-11-10 21:05:00,250
2862,2023-11-10 21:10:00,251
2863,2023-11-10 21:15:00,252
2864,2023-11-10 21:20:00,252
2865,2023-11-10 21:25:00,256
2866,2023-11-10 21:30:00,258
2867,2023-11-10 21:35:00,259
2868,2023-11-10 21:40:00,263
2869,2023-11-10 21:45:00,262
2870,2023-11-10 21:50:00,265
2871,2023-11-10 21:55:00,272
2872,2023-11-10 22:00:00,273
2873,2023-11-10 22:05:00,275
2874,2023-11-10 22:10:00,276
2875,2023-11-10 22:15:00,282
2876,2023-11-10 22:20:00,285
2877,2023-11-10 22:25:00,287
2878,2023-11-10 22:30:00,289
2879,2023-11-10 22:35:00,296
2880,2023-11-10 22:40:00,297
2881,2023-11-10 22:45:00,301
2882,2023-11-10 22:50:00,304
2883,2023-11-10 22:55:00,308
2884,2023-11-10 23:00:00,308
2885,2023-11-10 23:05:00,305
2886,2023-11-10 23:10:00,307
2887,2023-11-10 23:15:00,308
2888,2023-11-10 23:20:00,307
2889,2023-11-10 23:25:00,305
2890,2023-11-10 23:30:00,305
2891,2023-11-10 23:35:00,306
2892,2023-11-10 23:40:00,307
2893,2023-11-10 23:45:00,307
2894,2023-11-10 23:50:00,306
2895,2023-11-10 23:55:00,308
2896,2023-11-11 00:00:00,309
2897,2023-11-11 00:05:00,308
2898,2023-11-11 00:10:00,306
2899,2023-11-11 00:15:00,306
